client_id,client_name,entity_type,industry_sector,region,credit_rating,rating_ordinal,debt_to_equity,interest_coverage,ebitda_margin,annual_sales_m,yield_spread_bps,debt_to_gdp,coupon_rate,yield_to_maturity,remaining_maturity,ead_m,seniority,collateral_type,historic_default,recovery_rate
CORP_001,Delta Utilities,Corporate,Telecom,Germany,BB,5,1.93,5.41,0.1124,23.7,,,0.0606,0.0647,6.9,37.31,Subordinated,Unsecured,0,0.142
CORP_002,Aero Ventures,Corporate,Energy,South Africa,AAA,1,0.3,11.36,0.3575,53.35,,,0.0211,0.0246,4.4,34.32,Subordinated,Unsecured,0,0.1678
CORP_003,Vanguard Group,Corporate,Energy,Brazil,B,6,2.29,2.48,0.1123,19.95,,,0.0957,0.1014,2.6,13.47,Senior Unsecured,Unsecured,0,0.3673
CORP_004,Nordic Holdings,Corporate,Telecom,UK,BB,5,3.13,2.46,0.1107,44.4,,,0.0576,0.0612,8.5,11.92,Senior Unsecured,Unsecured,0,0.3296
CORP_005,Aero Telecom,Corporate,Technology,US,A,3,1.16,8.4,0.2129,44.04,,,0.0367,0.0436,4.0,30.36,Senior Secured,Financial Collateral,0,0.8336
CORP_006,Apex Industries,Corporate,Utilities,India,CCC/C,7,5.0,0.6,-0.1,25.8,,,0.1192,0.1223,2.8,33.36,Senior Unsecured,Unsecured,1,0.4769
CORP_007,Delta Services,Corporate,Utilities,India,A,3,0.85,6.36,0.3201,191.05,,,0.0363,0.0419,2.7,37.83,Senior Unsecured,Financial Collateral,0,0.8887
CORP_008,Aero Industries,Corporate,Technology,Germany,BBB,4,1.72,4.89,0.2004,47.45,,,0.0409,0.0451,2.1,50.28,Senior Secured,Financial Collateral,0,0.8434
CORP_009,Beacon Enterprises,Corporate,Technology,UK,B,6,3.78,-1.71,-0.0358,22.24,,,0.0905,0.0946,5.5,30.01,Senior Secured,Financial Collateral,1,0.8621
CORP_010,Nordic Group,Corporate,Utilities,Germany,A,3,0.87,9.1,0.2764,74.54,,,0.0376,0.0436,2.4,164.42,Subordinated,Unsecured,0,0.154
CORP_011,Nordic Energy,Corporate,Energy,Germany,BB,5,2.17,1.8,0.1085,111.2,,,0.0712,0.0764,7.1,17.91,Senior Unsecured,Unsecured,0,0.4542
CORP_012,Nova Pharmaceuticals,Corporate,Technology,Brazil,BBB,4,1.48,4.19,0.0848,197.37,,,0.0545,0.0578,9.1,42.77,Senior Unsecured,Unsecured,0,0.4277
CORP_013,Summit Resources,Corporate,Finance,South Africa,AAA,1,0.32,10.93,0.5,96.37,,,0.014,0.0204,7.4,19.19,Senior Unsecured,Unsecured,0,0.3096
CORP_014,Beacon Industries,Corporate,Finance,Germany,A,3,0.72,5.78,0.2738,84.39,,,0.0364,0.043,8.2,311.96,Senior Unsecured,Unsecured,0,0.4075
CORP_015,Helix Utilities,Corporate,Utilities,US,AAA,1,0.3,12.29,0.4486,42.33,,,0.023,0.0241,6.2,16.37,Senior Secured,Financial Collateral,0,0.8261
CORP_016,Alpha Holdings,Corporate,Energy,Germany,BBB,4,1.7,3.29,0.2846,63.16,,,0.0524,0.0595,7.3,11.63,Senior Unsecured,Unsecured,0,0.325
CORP_017,United Ventures,Corporate,Energy,US,BBB,4,1.39,4.31,0.0752,443.5,,,0.042,0.0494,2.4,25.16,Senior Secured,Real Estate,0,0.7857
CORP_018,Pacific Industries,Corporate,Telecom,Brazil,A,3,0.75,7.32,0.2836,31.27,,,0.0457,0.052,7.5,35.43,Senior Secured,Financial Collateral,0,0.8677
CORP_019,Pacific Pharmaceuticals,Corporate,Telecom,South Africa,BB,5,2.14,4.69,0.0933,43.66,,,0.0666,0.0684,7.4,12.76,Subordinated,Unsecured,0,0.1959
CORP_020,Pacific Holdings,Corporate,Telecom,Germany,A,3,1.24,5.94,0.3155,130.19,,,0.0304,0.0352,5.4,12.42,Senior Unsecured,Unsecured,0,0.3916
CORP_021,Pacific Utilities,Corporate,Energy,Brazil,A,3,0.91,10.52,0.3124,149.02,,,0.034,0.0391,6.3,38.33,Senior Secured,Financial Collateral,0,0.8765
CORP_022,Helix Infrastructure,Corporate,Telecom,Brazil,A,3,0.97,6.07,0.2634,36.65,,,0.0321,0.0388,2.1,74.96,Subordinated,Unsecured,0,0.2226
CORP_023,Nordic Pharmaceuticals,Corporate,Telecom,US,BBB,4,2.39,5.29,0.1706,34.7,,,0.0532,0.0587,6.1,64.52,Senior Unsecured,Unsecured,0,0.3111
CORP_024,Beacon Enterprises,Corporate,Finance,US,A,3,0.85,8.28,0.2583,32.5,,,0.0446,0.0517,5.0,15.65,Senior Unsecured,Unsecured,0,0.3029
CORP_025,Delta Services,Corporate,Telecom,UK,CCC/C,7,5.0,2.01,0.0211,98.53,,,0.1203,0.1254,4.8,23.36,Subordinated,Unsecured,1,0.0822
CORP_026,Pacific Holdings,Corporate,Utilities,India,A,3,0.75,6.68,0.3049,262.36,,,0.0393,0.044,2.0,27.48,Senior Unsecured,Unsecured,0,0.3996
CORP_027,Vanguard Group,Corporate,Technology,Germany,BBB,4,1.56,5.1,0.2552,40.17,,,0.0491,0.0541,1.7,51.12,Senior Unsecured,Unsecured,0,0.4043
CORP_028,Aero Logistics,Corporate,Utilities,US,B,6,3.05,0.45,-0.029,36.71,,,0.084,0.0921,3.1,18.48,Senior Secured,Financial Collateral,0,0.7965
CORP_029,Vanguard Industries,Corporate,Telecom,Brazil,BBB,4,1.36,3.89,0.3348,10.63,,,0.0487,0.0558,2.5,107.24,Senior Unsecured,Financial Collateral,0,0.8321
CORP_030,Beacon Services,Corporate,Technology,UK,AAA,1,0.32,11.27,0.5,75.16,,,0.0208,0.0274,7.5,20.9,Senior Secured,Real Estate,0,0.8314
CORP_031,United Services,Corporate,Finance,South Africa,BB,5,1.09,1.8,0.0786,146.52,,,0.0622,0.0723,4.8,56.28,Senior Unsecured,Financial Collateral,0,0.8985
CORP_032,Global Holdings,Corporate,Energy,UK,BBB,4,1.29,4.67,0.2288,334.6,,,0.0523,0.0571,3.7,160.79,Senior Unsecured,Unsecured,0,0.4182
CORP_033,Beacon Ventures,Corporate,Finance,India,CCC/C,7,2.86,-0.63,-0.1,117.22,,,0.1218,0.125,2.6,63.64,Senior Unsecured,Unsecured,1,0.3767
CORP_034,Helix Energy,Corporate,Telecom,India,A,3,0.85,6.88,0.4146,500.0,,,0.0389,0.0434,2.2,13.2,Senior Secured,Financial Collateral,0,0.8036
CORP_035,Titan Services,Corporate,Technology,UK,BB,5,2.72,1.04,0.1219,82.27,,,0.0648,0.0699,7.8,145.46,Senior Secured,Real Estate,0,0.7651
CORP_036,Apex Group,Corporate,Utilities,Brazil,AA,2,0.73,6.31,0.2852,24.28,,,0.0241,0.029,3.9,20.87,Senior Secured,Physical Plant,0,0.5135
CORP_037,Nordic Pharmaceuticals,Corporate,Utilities,US,BBB,4,1.63,3.21,0.3218,102.85,,,0.0428,0.0474,3.6,106.9,Senior Unsecured,Unsecured,0,0.2952
CORP_038,Pacific Telecom,Corporate,Technology,India,AA,2,0.45,9.06,0.3194,39.68,,,0.0209,0.0248,9.1,36.39,Senior Unsecured,Financial Collateral,0,0.8168
CORP_039,Global Utilities,Corporate,Finance,Germany,BB,5,2.25,3.33,0.1601,22.57,,,0.0655,0.072,6.1,73.83,Senior Secured,Real Estate,0,0.7043
CORP_040,Aero Utilities,Corporate,Technology,Brazil,AA,2,0.34,11.2,0.2589,78.42,,,0.0389,0.0407,1.5,17.58,Senior Secured,Physical Plant,0,0.5692
CORP_041,Global Utilities,Corporate,Technology,India,AAA,1,0.29,10.46,0.5,95.47,,,0.0172,0.0252,9.4,59.73,Senior Unsecured,Unsecured,0,0.3849
CORP_042,Titan Telecom,Corporate,Telecom,South Africa,BB,5,2.33,2.89,0.1723,16.5,,,0.0636,0.0698,6.3,23.45,Senior Unsecured,Financial Collateral,0,0.9263
CORP_043,Aero Group,Corporate,Technology,US,A,3,1.07,3.49,0.0969,251.34,,,0.0411,0.0443,7.2,137.0,Senior Unsecured,Financial Collateral,0,0.8487
CORP_044,Pacific Infrastructure,Corporate,Technology,South Africa,A,3,0.89,9.76,0.2475,77.86,,,0.0238,0.0301,5.1,36.58,Senior Unsecured,Unsecured,0,0.6005
CORP_045,United Technologies,Corporate,Utilities,Germany,BBB,4,1.06,4.92,0.1153,35.92,,,0.0489,0.0555,4.6,59.08,Senior Secured,Financial Collateral,0,0.8478
CORP_046,Aero Resources,Corporate,Finance,Germany,B,6,5.0,1.69,0.0673,93.36,,,0.0913,0.094,6.5,125.2,Subordinated,Unsecured,1,0.1244
CORP_047,Aero Enterprises,Corporate,Telecom,India,A,3,1.0,6.42,0.1812,19.99,,,0.0377,0.04,4.4,18.51,Senior Unsecured,Unsecured,0,0.4529
CORP_048,Synergy Telecom,Corporate,Energy,Germany,B,6,2.58,-2.0,0.0629,130.3,,,0.0924,0.0943,2.5,19.7,Senior Secured,Real Estate,0,0.8044
CORP_049,Beacon Utilities,Corporate,Technology,US,BBB,4,1.64,6.19,0.1537,24.14,,,0.0436,0.0454,4.8,22.23,Senior Unsecured,Unsecured,0,0.4903
CORP_050,Nova Resources,Corporate,Utilities,UK,A,3,0.95,9.73,0.1572,500.0,,,0.043,0.0479,1.9,22.22,Senior Unsecured,Unsecured,0,0.3823
CORP_051,Global Ventures,Corporate,Technology,Brazil,BB,5,2.44,3.74,-0.0098,84.38,,,0.0651,0.0673,6.4,67.05,Subordinated,Unsecured,0,0.056
CORP_052,Core Technologies,Corporate,Utilities,South Africa,BBB,4,1.05,3.15,0.2185,29.32,,,0.0514,0.0574,2.1,45.59,Senior Unsecured,Financial Collateral,0,0.8848
CORP_053,Titan Pharmaceuticals,Corporate,Energy,Germany,BBB,4,1.93,2.38,0.2997,6.85,,,0.0392,0.0431,9.5,22.63,Subordinated,Unsecured,0,0.17
CORP_054,Quantum Group,Corporate,Technology,UK,AAA,1,0.32,9.43,0.2921,126.17,,,0.0209,0.0255,9.9,12.49,Senior Secured,Real Estate,0,0.756
CORP_055,Alpha Utilities,Corporate,Technology,South Africa,AA,2,0.49,6.13,0.3051,82.15,,,0.0229,0.0266,3.4,16.95,Senior Unsecured,Unsecured,0,0.4676
CORP_056,Beacon Pharmaceuticals,Corporate,Telecom,Brazil,BB,5,1.64,0.72,0.1318,48.03,,,0.0691,0.0739,7.5,53.95,Senior Secured,Physical Plant,0,0.6106
CORP_057,Aero Pharmaceuticals,Corporate,Finance,Brazil,A,3,0.95,7.35,0.2416,500.0,,,0.0287,0.031,4.7,64.7,Senior Unsecured,Unsecured,0,0.5281
CORP_058,Vertex Ventures,Corporate,Utilities,South Africa,AAA,1,0.28,11.01,0.4531,164.76,,,0.0157,0.0207,9.6,60.86,Senior Unsecured,Unsecured,0,0.5029
CORP_059,Core Telecom,Corporate,Energy,US,BBB,4,1.49,4.68,0.1752,67.36,,,0.0417,0.052,3.8,46.59,Senior Secured,Real Estate,0,0.7148
CORP_060,Crest Enterprises,Corporate,Finance,Germany,A,3,0.63,7.75,0.1966,215.35,,,0.0337,0.039,3.8,111.38,Senior Secured,Financial Collateral,0,0.8579
CORP_061,Alpha Ventures,Corporate,Energy,Germany,BB,5,3.11,2.27,0.2179,30.29,,,0.0625,0.0625,6.6,24.51,Senior Unsecured,Unsecured,0,0.5163
CORP_062,Apex Services,Corporate,Energy,Brazil,BBB,4,1.07,5.45,0.1804,24.81,,,0.0448,0.0514,6.3,68.07,Subordinated,Unsecured,0,0.1604
CORP_063,Nordic Infrastructure,Corporate,Finance,India,BBB,4,1.72,8.18,0.149,35.28,,,0.0449,0.0488,8.0,23.54,Subordinated,Unsecured,0,0.1416
CORP_064,Apex Utilities,Corporate,Energy,US,A,3,1.28,6.14,0.2134,96.14,,,0.0322,0.0385,3.0,230.73,Senior Unsecured,Unsecured,0,0.475
CORP_065,Apex Infrastructure,Corporate,Finance,India,BB,5,2.98,3.83,0.052,66.62,,,0.0563,0.0587,3.3,34.08,Senior Secured,Real Estate,0,0.8577
CORP_066,Pacific Services,Corporate,Technology,UK,BBB,4,3.01,3.7,0.1608,170.46,,,0.0514,0.0601,3.4,42.41,Senior Unsecured,Financial Collateral,0,0.8622
CORP_067,Vanguard Services,Corporate,Utilities,India,BBB,4,2.06,6.8,0.1481,97.02,,,0.0461,0.0495,7.7,47.01,Senior Unsecured,Unsecured,0,0.3685
CORP_068,United Enterprises,Corporate,Utilities,US,BBB,4,1.49,3.18,0.1687,30.69,,,0.0478,0.0521,8.6,13.56,Senior Unsecured,Unsecured,0,0.3681
CORP_069,Nordic Technologies,Corporate,Finance,Germany,A,3,1.09,8.47,0.2244,57.56,,,0.0451,0.0486,6.3,21.16,Senior Unsecured,Unsecured,0,0.3865
CORP_070,Titan Pharmaceuticals,Corporate,Energy,UK,A,3,0.66,6.73,0.3319,161.04,,,0.0406,0.0482,3.5,58.88,Senior Unsecured,Unsecured,0,0.3921
CORP_071,Pacific Energy,Corporate,Utilities,US,A,3,1.14,8.29,0.3083,44.99,,,0.0375,0.046,5.2,13.23,Senior Secured,Real Estate,0,0.7593
CORP_072,Quantum Technologies,Corporate,Finance,Germany,BB,5,2.96,1.81,0.251,269.18,,,0.0668,0.0687,3.0,49.95,Senior Secured,Financial Collateral,0,0.8102
CORP_073,United Industries,Corporate,Telecom,UK,BBB,4,1.74,4.39,0.2721,214.65,,,0.0493,0.0552,7.7,27.02,Senior Unsecured,Unsecured,0,0.4038
CORP_074,Core Technologies,Corporate,Finance,US,BBB,4,1.5,3.48,0.1199,45.3,,,0.057,0.0633,8.2,23.58,Senior Secured,Financial Collateral,0,0.8322
CORP_075,Summit Telecom,Corporate,Technology,US,BBB,4,1.77,5.52,0.1536,178.28,,,0.0486,0.0555,8.4,184.11,Senior Unsecured,Unsecured,0,0.3449
CORP_076,Vertex Group,Corporate,Finance,India,BBB,4,1.08,6.08,0.3337,48.93,,,0.0471,0.0542,1.4,12.26,Senior Unsecured,Unsecured,0,0.4959
CORP_077,Helix Energy,Corporate,Telecom,India,BBB,4,1.81,3.87,0.2905,45.59,,,0.0549,0.0614,7.9,419.57,Senior Unsecured,Unsecured,0,0.4278
CORP_078,Global Utilities,Corporate,Energy,UK,BB,5,2.08,0.16,0.0662,6.11,,,0.0626,0.0688,8.0,131.75,Senior Unsecured,Unsecured,0,0.2768
CORP_079,Pacific Logistics,Corporate,Telecom,US,A,3,0.87,8.59,0.1012,75.91,,,0.0292,0.0349,4.5,12.42,Senior Unsecured,Unsecured,0,0.4929
CORP_080,Dynamic Infrastructure,Corporate,Energy,Germany,BBB,4,1.38,1.57,0.129,91.7,,,0.0589,0.0614,9.5,19.33,Senior Secured,Financial Collateral,0,0.7978
CORP_081,Vertex Logistics,Corporate,Technology,US,BBB,4,2.1,4.26,0.3267,500.0,,,0.0464,0.0505,1.5,13.01,Senior Secured,Real Estate,0,0.7878
CORP_082,Helix Enterprises,Corporate,Finance,UK,A,3,1.47,6.68,0.2854,89.52,,,0.0357,0.0374,4.1,14.92,Senior Secured,Real Estate,0,0.7555
CORP_083,Core Technologies,Corporate,Telecom,US,BBB,4,1.43,3.61,0.1918,58.41,,,0.0513,0.0553,8.8,25.37,Senior Unsecured,Financial Collateral,0,0.8612
CORP_084,Nova Enterprises,Corporate,Telecom,India,BBB,4,1.25,3.84,0.0709,152.22,,,0.0463,0.0517,3.6,44.58,Senior Unsecured,Financial Collateral,0,0.8186
CORP_085,Global Technologies,Corporate,Telecom,US,A,3,0.83,8.42,0.3584,15.79,,,0.0405,0.0426,6.5,6.96,Senior Unsecured,Unsecured,0,0.4857
CORP_086,Apex Ventures,Corporate,Energy,Germany,BBB,4,2.1,6.8,0.0201,30.31,,,0.0483,0.0555,5.3,11.52,Senior Unsecured,Unsecured,0,0.2684
CORP_087,Nova Group,Corporate,Energy,Brazil,B,6,3.57,1.39,0.0349,104.32,,,0.0898,0.0929,3.3,15.87,Senior Unsecured,Unsecured,0,0.3117
CORP_088,Nordic Enterprises,Corporate,Energy,UK,A,3,0.7,6.66,0.324,22.78,,,0.0355,0.0379,7.4,39.79,Senior Secured,Physical Plant,0,0.525
CORP_089,Delta Holdings,Corporate,Technology,Brazil,AAA,1,0.34,12.21,0.4965,88.09,,,0.0186,0.0244,2.9,11.4,Senior Unsecured,Financial Collateral,0,0.92
CORP_090,Pacific Utilities,Corporate,Energy,Germany,BB,5,3.36,3.05,0.0746,92.44,,,0.0593,0.0638,3.1,32.82,Senior Unsecured,Unsecured,0,0.4875
CORP_091,Apex Ventures,Corporate,Utilities,UK,A,3,0.78,7.25,0.2452,30.07,,,0.0434,0.0502,5.0,137.3,Senior Secured,Real Estate,0,0.7252
CORP_092,Nordic Pharmaceuticals,Corporate,Energy,India,AA,2,0.43,8.48,0.2981,17.64,,,0.0252,0.0286,1.6,21.28,Senior Unsecured,Financial Collateral,0,0.8781
CORP_093,Vertex Services,Corporate,Energy,Germany,A,3,0.87,6.21,0.1239,31.99,,,0.0309,0.0362,9.7,99.91,Senior Secured,Financial Collateral,0,0.8778
CORP_094,Nova Ventures,Corporate,Technology,Brazil,CCC/C,7,2.68,-1.25,-0.1,132.11,,,0.1168,0.1223,3.3,49.18,Senior Unsecured,Unsecured,1,0.4269
CORP_095,Quantum Utilities,Corporate,Technology,UK,A,3,0.61,5.21,0.2848,11.98,,,0.0322,0.0389,9.5,46.88,Senior Unsecured,Unsecured,0,0.5122
CORP_096,Beacon Pharmaceuticals,Corporate,Energy,India,A,3,1.04,7.9,0.2394,47.37,,,0.0291,0.0334,7.3,35.8,Senior Unsecured,Unsecured,0,0.3993
CORP_097,Aero Utilities,Corporate,Technology,South Africa,BB,5,2.29,3.6,0.056,85.28,,,0.0698,0.068,3.1,42.47,Subordinated,Unsecured,0,0.1015
CORP_098,Summit Services,Corporate,Utilities,South Africa,BBB,4,1.15,2.16,0.0935,79.26,,,0.0476,0.0496,7.8,10.58,Senior Unsecured,Unsecured,0,0.4706
CORP_099,Quantum Energy,Corporate,Finance,US,BBB,4,1.09,5.87,0.24,500.0,,,0.0428,0.0474,9.0,11.73,Senior Secured,Financial Collateral,0,0.841
CORP_100,Pacific Services,Corporate,Telecom,South Africa,A,3,0.85,5.43,0.311,235.57,,,0.03,0.0362,6.6,73.96,Senior Unsecured,Unsecured,0,0.3605
CORP_101,Nordic Industries,Corporate,Utilities,US,BBB,4,2.16,4.26,0.1978,23.6,,,0.0458,0.049,7.6,5.55,Senior Secured,Financial Collateral,0,0.8322
CORP_102,United Industries,Corporate,Technology,US,BBB,4,1.52,3.93,0.193,69.9,,,0.0509,0.057,5.5,16.39,Senior Secured,Physical Plant,0,0.4271
CORP_103,United Energy,Corporate,Telecom,Brazil,BBB,4,1.51,4.64,0.219,38.07,,,0.044,0.0516,3.7,91.44,Senior Unsecured,Unsecured,0,0.3474
CORP_104,Pacific Logistics,Corporate,Energy,South Africa,AA,2,0.63,10.05,0.2953,121.98,,,0.0239,0.0287,9.6,75.57,Senior Secured,Real Estate,0,0.7468
CORP_105,Global Holdings,Corporate,Telecom,India,B,6,5.0,1.43,0.0684,24.19,,,0.0888,0.0922,6.0,14.35,Senior Secured,Physical Plant,1,0.5705
CORP_106,Helix Enterprises,Corporate,Technology,India,A,3,0.97,7.4,0.347,26.59,,,0.0411,0.0458,7.6,59.48,Senior Secured,Financial Collateral,0,0.8969
CORP_107,United Technologies,Corporate,Energy,India,BBB,4,1.19,4.44,0.1221,10.19,,,0.052,0.0587,6.5,39.86,Subordinated,Unsecured,0,0.1072
CORP_108,Core Pharmaceuticals,Corporate,Energy,US,BBB,4,1.46,5.42,0.2196,49.25,,,0.0415,0.0487,7.7,49.49,Senior Unsecured,Unsecured,0,0.495
CORP_109,Nordic Holdings,Corporate,Energy,UK,BB,5,3.2,3.4,0.2101,131.42,,,0.0645,0.0719,5.5,27.81,Senior Unsecured,Unsecured,0,0.3247
CORP_110,Pacific Holdings,Corporate,Telecom,South Africa,BBB,4,2.14,3.64,0.2145,26.01,,,0.0591,0.0635,1.6,120.19,Senior Unsecured,Unsecured,0,0.5605
CORP_111,Crest Energy,Corporate,Finance,Brazil,A,3,0.7,7.58,0.3654,140.14,,,0.0354,0.043,4.4,46.72,Senior Secured,Real Estate,0,0.7153
CORP_112,Dynamic Infrastructure,Corporate,Technology,Brazil,A,3,1.01,5.38,0.1738,59.06,,,0.0393,0.046,9.6,44.63,Subordinated,Unsecured,0,0.0812
CORP_113,Titan Industries,Corporate,Telecom,South Africa,BBB,4,1.73,4.28,0.1627,12.18,,,0.0506,0.0545,5.1,14.39,Senior Secured,Financial Collateral,0,0.8479
CORP_114,Aero Resources,Corporate,Technology,Brazil,BB,5,2.84,0.55,0.1516,33.82,,,0.0668,0.072,1.6,32.31,Senior Secured,Real Estate,0,0.7378
CORP_115,Alpha Holdings,Corporate,Energy,US,BB,5,2.59,1.08,-0.0739,145.24,,,0.0687,0.0731,1.2,42.65,Senior Unsecured,Financial Collateral,0,0.8535
CORP_116,Vertex Resources,Corporate,Technology,India,CCC/C,7,5.0,-2.0,-0.0265,15.45,,,0.1223,0.1273,6.5,18.33,Senior Secured,Real Estate,1,0.7311
CORP_117,Delta Holdings,Corporate,Technology,US,CCC/C,7,4.24,-2.0,0.0651,74.01,,,0.1309,0.1377,3.0,28.96,Senior Secured,Financial Collateral,1,0.896
CORP_118,Alpha Technologies,Corporate,Utilities,India,BBB,4,2.03,3.47,0.1758,26.56,,,0.0373,0.0423,8.8,124.16,Senior Unsecured,Unsecured,0,0.422
CORP_119,Dynamic Holdings,Corporate,Finance,Brazil,A,3,0.92,7.96,0.3094,293.65,,,0.0306,0.0358,4.1,19.03,Senior Unsecured,Unsecured,0,0.2787
CORP_120,Crest Infrastructure,Corporate,Utilities,India,B,6,3.91,-1.36,0.1235,30.76,,,0.0994,0.1065,8.2,64.56,Senior Unsecured,Unsecured,1,0.3847
CORP_121,Vertex Technologies,Corporate,Utilities,India,B,6,3.49,0.19,-0.0264,91.65,,,0.1003,0.1032,1.8,40.8,Senior Unsecured,Financial Collateral,0,0.8596
CORP_122,United Technologies,Corporate,Finance,Brazil,BB,5,1.93,1.82,0.1226,45.94,,,0.074,0.0794,9.0,40.89,Senior Secured,Physical Plant,0,0.5717
CORP_123,Crest Holdings,Corporate,Utilities,Brazil,A,3,1.25,6.82,0.1103,32.67,,,0.0415,0.0464,4.0,54.16,Senior Unsecured,Unsecured,0,0.3328
CORP_124,Synergy Technologies,Corporate,Technology,Germany,BBB,4,1.94,6.39,0.0785,208.14,,,0.0475,0.0549,9.8,16.99,Senior Unsecured,Unsecured,0,0.4259
CORP_125,Dynamic Group,Corporate,Technology,Brazil,A,3,0.79,8.17,0.3901,165.16,,,0.0253,0.0306,2.9,52.8,Subordinated,Unsecured,0,0.159
CORP_126,Apex Ventures,Corporate,Telecom,UK,BBB,4,1.46,2.79,0.0949,33.62,,,0.0432,0.0476,4.7,32.37,Senior Secured,Financial Collateral,0,0.9065
CORP_127,Summit Group,Corporate,Technology,Germany,CCC/C,7,5.0,0.83,0.0303,469.28,,,0.1228,0.1323,6.7,10.78,Senior Secured,Real Estate,1,0.7343
CORP_128,Vanguard Industries,Corporate,Finance,US,BB,5,3.06,4.49,0.0914,132.78,,,0.0678,0.0773,8.5,22.4,Senior Secured,Financial Collateral,0,0.7823
CORP_129,Pacific Utilities,Corporate,Telecom,Germany,BBB,4,1.67,7.06,0.1104,53.75,,,0.0431,0.0471,2.5,32.9,Senior Unsecured,Unsecured,0,0.4508
CORP_130,Nordic Holdings,Corporate,Finance,India,CCC/C,7,3.84,-1.9,-0.0217,58.82,,,0.1169,0.1188,9.0,66.73,Senior Secured,Financial Collateral,1,0.8582
CORP_131,United Industries,Corporate,Utilities,South Africa,BBB,4,1.28,3.5,0.1836,60.41,,,0.0534,0.0573,6.1,7.81,Subordinated,Unsecured,0,0.1558
CORP_132,Pacific Industries,Corporate,Technology,US,AA,2,0.51,6.76,0.3485,176.0,,,0.023,0.0267,4.6,8.27,Subordinated,Unsecured,0,0.0708
CORP_133,Vertex Services,Corporate,Technology,India,BBB,4,1.96,5.3,0.2655,17.98,,,0.0509,0.0581,1.8,86.57,Subordinated,Unsecured,0,0.26
CORP_134,Helix Telecom,Corporate,Energy,India,BBB,4,2.15,1.9,0.2165,128.16,,,0.0499,0.0562,2.1,14.02,Senior Secured,Financial Collateral,0,0.8543
CORP_135,Aero Group,Corporate,Telecom,UK,B,6,3.3,1.73,0.1569,52.12,,,0.0892,0.0929,8.7,19.38,Senior Unsecured,Financial Collateral,0,0.8433
CORP_136,Vertex Technologies,Corporate,Utilities,Germany,BB,5,2.51,3.42,0.1835,10.44,,,0.0715,0.0732,7.4,15.89,Senior Secured,Financial Collateral,0,0.9093
CORP_137,Aero Industries,Corporate,Finance,Germany,AAA,1,0.42,14.09,0.355,48.67,,,0.0116,0.015,7.1,9.51,Senior Secured,Physical Plant,0,0.7018
CORP_138,Nordic Industries,Corporate,Telecom,UK,BBB,4,1.6,3.79,0.1918,90.34,,,0.0425,0.0468,1.2,28.45,Senior Secured,Physical Plant,0,0.7279
CORP_139,Alpha Ventures,Corporate,Telecom,Germany,BB,5,3.49,2.75,0.1114,93.88,,,0.0571,0.0599,5.9,40.53,Senior Unsecured,Unsecured,0,0.3056
CORP_140,Helix Energy,Corporate,Energy,UK,A,3,0.66,5.7,0.2849,98.33,,,0.0398,0.0412,2.3,183.94,Senior Unsecured,Unsecured,0,0.3264
CORP_141,Crest Resources,Corporate,Technology,UK,BBB,4,1.35,5.18,0.2364,128.4,,,0.0563,0.0644,4.2,22.62,Senior Unsecured,Unsecured,0,0.3961
CORP_142,Synergy Telecom,Corporate,Energy,Brazil,B,6,3.82,1.78,0.0674,42.42,,,0.0804,0.0852,5.4,297.13,Senior Unsecured,Unsecured,1,0.4765
CORP_143,Helix Technologies,Corporate,Technology,Germany,BB,5,1.5,-0.37,0.2414,326.91,,,0.0645,0.0722,10.0,11.56,Senior Secured,Real Estate,0,0.8078
CORP_144,Pacific Services,Corporate,Telecom,UK,BBB,4,2.12,5.92,0.1382,90.14,,,0.0431,0.0454,8.2,17.11,Subordinated,Unsecured,0,0.1158
CORP_145,Helix Technologies,Corporate,Energy,US,AA,2,0.68,7.84,0.3644,69.38,,,0.0219,0.0275,4.6,16.24,Senior Unsecured,Unsecured,0,0.478
CORP_146,Core Energy,Corporate,Finance,India,B,6,2.37,1.12,0.0501,26.5,,,0.0933,0.1002,1.5,30.76,Senior Secured,Real Estate,0,0.7074
CORP_147,Core Group,Corporate,Utilities,South Africa,A,3,0.61,6.8,0.2863,61.4,,,0.0267,0.0341,6.8,5.0,Senior Unsecured,Unsecured,0,0.4147
CORP_148,Crest Enterprises,Corporate,Energy,Brazil,A,3,0.69,5.48,0.1994,70.96,,,0.0361,0.042,4.6,54.62,Senior Secured,Financial Collateral,0,0.8825
CORP_149,Beacon Pharmaceuticals,Corporate,Telecom,UK,BBB,4,2.0,4.81,0.1226,500.0,,,0.0504,0.0551,1.7,40.58,Subordinated,Unsecured,0,0.0974
CORP_150,Crest Energy,Corporate,Telecom,Germany,B,6,4.19,0.65,0.0712,33.5,,,0.0778,0.0825,6.7,53.15,Senior Unsecured,Financial Collateral,1,0.8173
CORP_151,Beacon Utilities,Corporate,Technology,South Africa,A,3,1.58,6.38,0.086,58.22,,,0.0346,0.0419,2.0,96.73,Senior Secured,Physical Plant,0,0.6505
CORP_152,Pacific Services,Corporate,Finance,UK,A,3,0.82,10.16,0.2582,86.44,,,0.0399,0.0481,3.7,47.3,Senior Unsecured,Unsecured,0,0.3278
CORP_153,Core Holdings,Corporate,Technology,Brazil,AA,2,0.51,9.53,0.3912,108.21,,,0.0204,0.0256,7.2,44.2,Senior Unsecured,Unsecured,0,0.3853
CORP_154,Apex Telecom,Corporate,Utilities,South Africa,BBB,4,1.57,4.52,0.243,57.55,,,0.0581,0.0635,3.8,62.03,Senior Unsecured,Financial Collateral,0,0.8787
CORP_155,Alpha Infrastructure,Corporate,Technology,UK,A,3,0.56,5.91,0.3795,26.34,,,0.0381,0.0407,6.1,157.79,Senior Unsecured,Financial Collateral,0,0.8815
CORP_156,Titan Resources,Corporate,Technology,US,A,3,0.8,6.4,0.3038,105.7,,,0.0358,0.042,5.3,40.18,Senior Unsecured,Financial Collateral,0,0.8323
CORP_157,Synergy Technologies,Corporate,Utilities,Brazil,BB,5,3.07,0.9,0.1866,77.18,,,0.0627,0.0694,3.5,35.6,Subordinated,Unsecured,0,0.1689
CORP_158,Titan Infrastructure,Corporate,Technology,US,B,6,5.0,-0.55,-0.0064,63.86,,,0.0956,0.1028,9.4,9.96,Senior Secured,Financial Collateral,1,0.8494
CORP_159,Global Services,Corporate,Energy,India,B,6,4.48,1.08,0.0725,287.92,,,0.0891,0.0915,6.0,33.42,Subordinated,Unsecured,1,0.2062
CORP_160,Beacon Infrastructure,Corporate,Telecom,UK,BB,5,2.63,2.7,0.0861,11.91,,,0.0614,0.0667,6.6,49.21,Senior Unsecured,Unsecured,0,0.4015
CORP_161,Nordic Enterprises,Corporate,Technology,Germany,BBB,4,1.7,2.7,0.1995,286.17,,,0.0511,0.0557,3.1,12.87,Senior Secured,Physical Plant,0,0.6484
CORP_162,Pacific Infrastructure,Corporate,Technology,India,BBB,4,1.31,5.01,0.1394,12.53,,,0.0413,0.0431,7.8,7.86,Senior Unsecured,Unsecured,0,0.4806
CORP_163,Crest Utilities,Corporate,Technology,UK,B,6,3.11,1.92,-0.0368,121.85,,,0.0984,0.1024,6.1,8.13,Senior Unsecured,Unsecured,0,0.3391
CORP_164,Delta Pharmaceuticals,Corporate,Telecom,India,BB,5,1.82,2.52,0.0512,21.42,,,0.0628,0.068,6.7,11.37,Subordinated,Unsecured,0,0.1034
CORP_165,Dynamic Resources,Corporate,Utilities,India,BBB,4,1.36,6.32,0.2051,222.46,,,0.045,0.0499,3.6,30.62,Senior Unsecured,Unsecured,0,0.4533
CORP_166,Summit Logistics,Corporate,Technology,UK,A,3,1.15,6.76,0.3686,24.22,,,0.0296,0.0382,7.8,69.29,Senior Unsecured,Unsecured,0,0.4189
CORP_167,Nova Infrastructure,Corporate,Finance,South Africa,A,3,1.39,8.47,0.2868,26.74,,,0.0308,0.0369,8.0,55.15,Senior Secured,Real Estate,0,0.7563
CORP_168,Synergy Telecom,Corporate,Utilities,India,BBB,4,1.91,5.94,0.1035,50.07,,,0.0466,0.0521,2.1,25.06,Senior Secured,Real Estate,0,0.8065
CORP_169,Summit Holdings,Corporate,Finance,Brazil,A,3,0.97,6.33,0.2232,391.71,,,0.0256,0.0316,5.3,5.0,Subordinated,Unsecured,0,0.1572
CORP_170,Titan Utilities,Corporate,Utilities,South Africa,BBB,4,1.58,5.18,0.2619,22.04,,,0.049,0.0566,9.7,35.2,Senior Unsecured,Financial Collateral,0,0.8236
CORP_171,Apex Energy,Corporate,Finance,Germany,BB,5,3.01,3.72,0.0009,165.55,,,0.065,0.0727,1.6,49.22,Subordinated,Unsecured,1,0.1408
CORP_172,Helix Technologies,Corporate,Finance,Brazil,A,3,0.89,6.64,0.2507,16.68,,,0.0344,0.0408,8.9,11.14,Senior Secured,Real Estate,0,0.7858
CORP_173,Pacific Infrastructure,Corporate,Energy,South Africa,A,3,0.94,7.75,0.3694,255.4,,,0.0332,0.0355,7.8,27.66,Senior Secured,Financial Collateral,0,0.8289
CORP_174,Alpha Industries,Corporate,Energy,South Africa,BBB,4,1.62,5.07,0.2273,16.56,,,0.0485,0.0506,1.7,47.84,Senior Unsecured,Unsecured,0,0.5963
CORP_175,Summit Holdings,Corporate,Energy,Germany,BBB,4,1.55,3.42,0.1679,389.56,,,0.0486,0.0518,6.8,16.97,Senior Unsecured,Unsecured,0,0.5164
CORP_176,Summit Telecom,Corporate,Utilities,Brazil,A,3,0.87,5.49,0.1763,99.63,,,0.038,0.0456,4.4,39.21,Senior Secured,Physical Plant,0,0.5599
CORP_177,Helix Industries,Corporate,Energy,Brazil,BBB,4,2.28,5.55,0.2517,19.62,,,0.0565,0.0615,3.9,46.32,Senior Unsecured,Unsecured,0,0.4238
CORP_178,Helix Resources,Corporate,Finance,US,BBB,4,2.17,6.05,0.247,19.41,,,0.0431,0.0444,2.9,125.44,Senior Secured,Real Estate,0,0.8481
CORP_179,Helix Utilities,Corporate,Utilities,India,BB,5,2.82,-1.53,0.1982,28.26,,,0.0581,0.0624,8.2,69.27,Subordinated,Unsecured,0,0.1306
CORP_180,Crest Resources,Corporate,Utilities,India,BBB,4,1.74,5.84,0.1998,214.09,,,0.0422,0.0475,8.1,35.08,Senior Unsecured,Unsecured,0,0.1839
CORP_181,Delta Services,Corporate,Utilities,South Africa,AAA,1,0.25,10.65,0.459,51.2,,,0.0202,0.0232,8.1,66.85,Senior Unsecured,Unsecured,0,0.4437
CORP_182,Vertex Ventures,Corporate,Utilities,UK,BBB,4,1.14,2.52,0.2385,103.71,,,0.0507,0.0552,9.6,14.0,Senior Unsecured,Financial Collateral,0,0.7955
CORP_183,Vanguard Holdings,Corporate,Utilities,India,BBB,4,1.75,4.03,0.2737,97.23,,,0.0501,0.0563,5.0,14.48,Senior Unsecured,Unsecured,0,0.4287
CORP_184,Dynamic Group,Corporate,Telecom,US,BBB,4,1.64,6.18,0.1459,157.21,,,0.0377,0.0438,4.7,55.34,Senior Secured,Financial Collateral,0,0.8639
CORP_185,Global Telecom,Corporate,Energy,Brazil,A,3,0.79,6.01,0.2107,17.61,,,0.0372,0.0454,9.9,116.03,Subordinated,Unsecured,0,0.1248
CORP_186,Core Pharmaceuticals,Corporate,Technology,India,BBB,4,2.06,4.14,0.2439,500.0,,,0.0493,0.0524,2.1,17.1,Senior Unsecured,Unsecured,0,0.3674
CORP_187,Beacon Energy,Corporate,Energy,US,B,6,4.35,2.8,0.0835,142.34,,,0.0947,0.0992,3.0,58.19,Senior Unsecured,Unsecured,0,0.4286
CORP_188,Nova Telecom,Corporate,Utilities,Brazil,A,3,0.85,9.15,0.3067,44.56,,,0.0345,0.0416,1.7,94.19,Subordinated,Unsecured,0,0.1271
CORP_189,Core Holdings,Corporate,Finance,US,BBB,4,1.66,6.27,0.1971,85.65,,,0.0495,0.0545,3.1,19.2,Senior Unsecured,Unsecured,0,0.3925
CORP_190,Nordic Infrastructure,Corporate,Finance,Brazil,AAA,1,0.35,11.7,0.4888,40.03,,,0.0181,0.0252,6.7,38.03,Senior Unsecured,Unsecured,0,0.3537
CORP_191,Delta Pharmaceuticals,Corporate,Finance,US,AAA,1,0.35,10.62,0.5,19.95,,,0.0143,0.016,2.4,58.37,Senior Unsecured,Unsecured,0,0.2827
CORP_192,Alpha Ventures,Corporate,Energy,India,BBB,4,1.29,3.52,0.1128,27.37,,,0.0461,0.0483,9.2,11.67,Senior Secured,Financial Collateral,0,0.8512
CORP_193,Crest Enterprises,Corporate,Technology,South Africa,BBB,4,1.64,4.42,0.0862,181.16,,,0.0439,0.0477,7.3,50.7,Senior Secured,Financial Collateral,0,0.7953
CORP_194,Nordic Group,Corporate,Finance,UK,BBB,4,1.24,1.56,0.228,12.55,,,0.0485,0.0529,3.9,59.86,Subordinated,Unsecured,0,0.1354
CORP_195,Global Resources,Corporate,Utilities,US,BBB,4,1.93,5.42,0.1187,47.01,,,0.0478,0.0525,8.1,8.21,Senior Unsecured,Unsecured,0,0.4512
CORP_196,Quantum Resources,Corporate,Energy,US,BB,5,3.4,5.23,0.1973,83.51,,,0.0732,0.0817,9.9,26.42,Senior Unsecured,Unsecured,0,0.5251
CORP_197,Helix Group,Corporate,Utilities,South Africa,A,3,1.32,9.03,0.0786,15.43,,,0.0407,0.0457,5.2,35.18,Subordinated,Unsecured,0,0.1858
CORP_198,Crest Resources,Corporate,Utilities,India,BBB,4,1.66,3.77,0.3287,85.57,,,0.0462,0.0538,2.8,37.71,Senior Unsecured,Financial Collateral,0,0.8286
CORP_199,Crest Industries,Corporate,Utilities,Germany,BBB,4,2.58,3.81,0.2195,122.98,,,0.0539,0.0595,6.8,40.15,Senior Secured,Financial Collateral,0,0.838
CORP_200,Core Pharmaceuticals,Corporate,Technology,Brazil,BB,5,2.82,3.4,0.1543,42.66,,,0.0642,0.0696,7.6,71.64,Subordinated,Unsecured,0,0.1184
CORP_201,Alpha Industries,Corporate,Technology,India,AA,2,0.44,9.71,0.3335,28.44,,,0.0241,0.026,3.4,8.97,Senior Unsecured,Unsecured,0,0.363
CORP_202,Alpha Group,Corporate,Finance,US,A,3,1.11,9.25,0.2739,17.76,,,0.0315,0.0385,3.8,30.78,Subordinated,Unsecured,0,0.2018
CORP_203,Alpha Logistics,Corporate,Energy,US,A,3,1.05,3.94,0.2939,21.23,,,0.0351,0.0394,5.2,63.62,Senior Unsecured,Unsecured,0,0.5565
CORP_204,Nova Technologies,Corporate,Finance,Germany,BB,5,2.45,1.75,0.2723,305.0,,,0.0761,0.0808,3.1,6.54,Senior Unsecured,Unsecured,0,0.4691
CORP_205,Apex Ventures,Corporate,Utilities,India,BBB,4,1.69,5.74,0.3249,459.15,,,0.0542,0.0581,3.3,94.25,Senior Unsecured,Unsecured,0,0.3298
CORP_206,Vanguard Enterprises,Corporate,Telecom,UK,BBB,4,2.32,5.29,0.3079,316.01,,,0.0473,0.0512,3.1,47.65,Senior Secured,Real Estate,0,0.6501
CORP_207,United Group,Corporate,Utilities,UK,BB,5,3.13,3.7,0.2298,110.12,,,0.0744,0.0797,9.4,112.68,Senior Unsecured,Unsecured,0,0.3302
CORP_208,Nova Group,Corporate,Technology,Germany,BBB,4,1.61,5.83,0.1479,60.11,,,0.0483,0.0523,4.9,27.81,Senior Secured,Financial Collateral,0,0.8615
CORP_209,Dynamic Ventures,Corporate,Technology,India,AA,2,0.34,11.13,0.3167,19.38,,,0.0227,0.0303,7.8,45.39,Senior Secured,Financial Collateral,0,0.8322
CORP_210,Summit Holdings,Corporate,Energy,South Africa,AAA,1,0.31,13.94,0.3425,126.39,,,0.019,0.0239,9.7,52.44,Senior Secured,Financial Collateral,0,0.8578
CORP_211,Summit Ventures,Corporate,Energy,South Africa,B,6,4.13,1.6,-0.027,22.5,,,0.095,0.102,6.6,21.59,Senior Unsecured,Unsecured,0,0.3816
CORP_212,Core Industries,Corporate,Finance,UK,B,6,4.12,-0.92,0.0568,5.0,,,0.0891,0.0908,7.0,67.7,Senior Unsecured,Financial Collateral,1,0.8826
CORP_213,Nova Industries,Corporate,Utilities,Brazil,BB,5,3.21,0.75,0.0893,155.77,,,0.061,0.068,3.7,31.18,Senior Unsecured,Financial Collateral,0,0.8121
CORP_214,Synergy Industries,Corporate,Finance,South Africa,A,3,0.7,6.94,0.3056,68.28,,,0.0371,0.0408,6.7,8.26,Senior Secured,Real Estate,0,0.8324
CORP_215,Nordic Infrastructure,Corporate,Energy,India,BB,5,4.19,3.41,0.1027,141.69,,,0.0673,0.0733,1.9,14.17,Senior Secured,Physical Plant,0,0.7929
CORP_216,Vanguard Infrastructure,Corporate,Energy,US,BBB,4,2.05,4.98,0.2348,43.45,,,0.0514,0.058,6.1,24.23,Senior Unsecured,Unsecured,0,0.2779
CORP_217,Dynamic Technologies,Corporate,Finance,US,BBB,4,1.09,4.15,0.0867,115.3,,,0.0387,0.0457,8.4,32.47,Senior Secured,Real Estate,0,0.8295
CORP_218,Beacon Holdings,Corporate,Energy,India,AA,2,0.34,5.75,0.3139,104.18,,,0.031,0.0351,8.4,18.57,Senior Secured,Physical Plant,0,0.4211
CORP_219,Beacon Group,Corporate,Technology,UK,AAA,1,0.16,11.01,0.4363,22.47,,,0.0203,0.0262,7.4,31.42,Senior Secured,Financial Collateral,0,0.8217
CORP_220,Vertex Energy,Corporate,Technology,Germany,A,3,0.52,8.72,0.3123,92.02,,,0.0272,0.035,3.3,27.79,Senior Unsecured,Unsecured,0,0.3373
CORP_221,Nova Enterprises,Corporate,Finance,Germany,AAA,1,0.31,9.72,0.3567,79.48,,,0.0156,0.0184,8.5,33.62,Senior Secured,Real Estate,0,0.7117
CORP_222,Alpha Holdings,Corporate,Energy,UK,BBB,4,2.4,3.75,0.1761,78.92,,,0.0488,0.0563,8.6,7.26,Subordinated,Unsecured,0,0.0941
CORP_223,Crest Resources,Corporate,Energy,US,A,3,0.57,8.14,0.2724,91.28,,,0.0307,0.0382,7.0,102.79,Senior Secured,Physical Plant,0,0.5621
CORP_224,Vertex Group,Corporate,Technology,UK,AA,2,0.36,10.86,0.386,9.25,,,0.0192,0.0236,2.5,115.84,Subordinated,Unsecured,0,0.1262
CORP_225,Vanguard Telecom,Corporate,Utilities,Brazil,A,3,0.89,6.91,0.1937,24.52,,,0.0301,0.0332,1.3,30.84,Subordinated,Unsecured,0,0.1487
CORP_226,Nova Holdings,Corporate,Technology,Brazil,A,3,1.11,5.43,0.3567,8.4,,,0.0471,0.0547,7.8,36.13,Senior Secured,Real Estate,0,0.6837
CORP_227,Titan Industries,Corporate,Telecom,US,A,3,0.88,5.66,0.3474,41.48,,,0.0205,0.0247,4.0,59.97,Senior Secured,Financial Collateral,0,0.7552
CORP_228,Synergy Services,Corporate,Finance,US,A,3,0.67,4.37,0.2488,70.27,,,0.0345,0.0387,7.3,53.28,Senior Secured,Physical Plant,0,0.509
CORP_229,Nordic Telecom,Corporate,Utilities,Germany,BBB,4,1.72,5.04,0.2115,19.41,,,0.0503,0.0595,1.7,33.49,Senior Unsecured,Unsecured,0,0.3627
CORP_230,Apex Telecom,Corporate,Telecom,India,BBB,4,1.05,1.4,0.3232,181.32,,,0.0591,0.0642,1.2,9.2,Senior Secured,Real Estate,0,0.7181
CORP_231,Dynamic Technologies,Corporate,Finance,US,BB,5,3.07,1.11,0.1669,40.38,,,0.0627,0.0695,7.1,132.84,Senior Unsecured,Unsecured,0,0.5219
CORP_232,Summit Ventures,Corporate,Technology,India,BBB,4,1.54,5.11,0.2991,222.63,,,0.0518,0.0543,2.9,47.06,Senior Secured,Physical Plant,0,0.5444
CORP_233,Global Ventures,Corporate,Technology,Brazil,AAA,1,0.4,12.72,0.395,205.04,,,0.0234,0.0307,7.5,219.32,Senior Unsecured,Unsecured,0,0.3898
CORP_234,Pacific Ventures,Corporate,Finance,India,AAA,1,0.36,8.84,0.4301,81.91,,,0.0207,0.0254,9.9,70.83,Subordinated,Unsecured,0,0.1851
CORP_235,Aero Services,Corporate,Finance,Brazil,B,6,3.05,-0.27,0.1449,252.32,,,0.0888,0.0939,7.6,88.89,Senior Unsecured,Unsecured,0,0.3004
CORP_236,Vertex Industries,Corporate,Technology,South Africa,B,6,3.14,1.23,0.1728,31.11,,,0.0881,0.0937,1.0,16.82,Senior Secured,Real Estate,0,0.8313
CORP_237,Core Services,Corporate,Utilities,Brazil,BBB,4,1.29,4.55,0.0278,144.14,,,0.0402,0.0482,3.2,27.91,Senior Secured,Real Estate,1,0.7129
CORP_238,Titan Services,Corporate,Energy,Germany,BB,5,1.59,1.61,-0.039,46.38,,,0.0707,0.0757,6.3,15.9,Senior Unsecured,Unsecured,0,0.5135
CORP_239,Synergy Services,Corporate,Finance,US,BB,5,2.68,1.94,0.21,124.55,,,0.0646,0.0657,8.2,19.37,Senior Unsecured,Unsecured,0,0.3423
CORP_240,Titan Services,Corporate,Finance,US,AA,2,0.67,13.42,0.4026,16.84,,,0.0349,0.0398,3.3,72.7,Subordinated,Unsecured,0,0.0727
CORP_241,Synergy Holdings,Corporate,Utilities,India,CCC/C,7,5.0,0.62,-0.013,50.61,,,0.1286,0.1341,9.3,57.79,Senior Unsecured,Unsecured,1,0.4149
CORP_242,Vanguard Group,Corporate,Telecom,UK,BBB,4,1.57,5.01,0.1855,36.6,,,0.0417,0.0468,6.9,13.91,Senior Secured,Physical Plant,0,0.465
CORP_243,Alpha Infrastructure,Corporate,Telecom,South Africa,BBB,4,1.67,5.27,0.3956,34.89,,,0.039,0.047,4.0,27.98,Senior Secured,Financial Collateral,0,0.8114
CORP_244,Nordic Industries,Corporate,Energy,US,AA,2,0.46,9.23,0.3718,9.34,,,0.0294,0.0378,2.3,81.86,Senior Secured,Financial Collateral,0,0.8567
CORP_245,Quantum Pharmaceuticals,Corporate,Technology,Brazil,A,3,1.16,6.02,0.2615,119.01,,,0.0302,0.034,7.1,15.94,Senior Unsecured,Unsecured,0,0.2705
CORP_246,Crest Enterprises,Corporate,Telecom,South Africa,BBB,4,2.26,4.37,0.1528,139.58,,,0.0471,0.05,6.8,22.54,Senior Unsecured,Financial Collateral,0,0.8441
CORP_247,Pacific Pharmaceuticals,Corporate,Technology,Brazil,AAA,1,0.33,12.63,0.2579,173.87,,,0.0213,0.029,8.4,94.47,Senior Unsecured,Unsecured,0,0.4459
CORP_248,Quantum Group,Corporate,Finance,Brazil,AAA,1,0.27,11.97,0.4347,91.97,,,0.0166,0.0234,8.5,6.14,Senior Unsecured,Unsecured,0,0.4593
CORP_249,Alpha Ventures,Corporate,Telecom,Germany,AA,2,0.54,6.25,0.1599,42.76,,,0.024,0.0294,5.6,135.9,Subordinated,Unsecured,0,0.2449
CORP_250,United Logistics,Corporate,Technology,South Africa,BB,5,2.64,3.59,-0.0369,34.12,,,0.0592,0.0687,5.1,58.64,Senior Unsecured,Unsecured,0,0.4596
CORP_251,Summit Logistics,Corporate,Utilities,US,AA,2,0.64,6.84,0.4423,240.01,,,0.0235,0.0233,4.7,38.23,Senior Unsecured,Unsecured,0,0.4406
CORP_252,United Logistics,Corporate,Technology,Brazil,A,3,1.05,8.56,0.1677,500.0,,,0.0305,0.0329,8.0,36.29,Senior Secured,Real Estate,0,0.7531
CORP_253,Helix Technologies,Corporate,Finance,Brazil,BBB,4,2.16,4.92,0.2272,79.55,,,0.0488,0.0531,2.3,97.41,Senior Unsecured,Unsecured,1,0.2227
CORP_254,Nova Ventures,Corporate,Utilities,Brazil,CCC/C,7,3.11,2.32,-0.0696,22.04,,,0.1132,0.1162,7.6,63.04,Subordinated,Unsecured,0,0.2329
CORP_255,Dynamic Industries,Corporate,Telecom,US,A,3,0.69,5.93,0.2653,11.3,,,0.0352,0.04,4.0,22.63,Senior Secured,Financial Collateral,0,0.9109
CORP_256,Beacon Group,Corporate,Finance,India,B,6,3.96,0.25,0.0056,22.66,,,0.0942,0.0988,3.2,28.17,Senior Secured,Real Estate,0,0.7133
CORP_257,Aero Resources,Corporate,Utilities,UK,BBB,4,1.28,4.01,0.26,16.33,,,0.0478,0.0492,2.1,8.92,Senior Unsecured,Unsecured,0,0.4655
CORP_258,Helix Telecom,Corporate,Technology,UK,A,3,0.73,6.04,0.2148,20.66,,,0.0456,0.0533,4.8,19.59,Senior Secured,Real Estate,0,0.762
CORP_259,Synergy Technologies,Corporate,Finance,Brazil,A,3,0.6,9.22,0.247,131.56,,,0.0299,0.033,4.0,144.38,Senior Unsecured,Unsecured,0,0.4393
CORP_260,United Utilities,Corporate,Energy,India,BBB,4,1.88,3.95,0.1779,94.18,,,0.0456,0.0499,8.7,180.4,Senior Secured,Financial Collateral,0,0.85
CORP_261,Global Holdings,Corporate,Finance,India,B,6,4.88,-0.25,0.1108,172.22,,,0.0895,0.0954,2.2,91.03,Senior Unsecured,Unsecured,0,0.4716
CORP_262,Apex Technologies,Corporate,Utilities,South Africa,A,3,0.66,9.5,0.2809,47.95,,,0.0374,0.0435,3.9,22.54,Senior Unsecured,Unsecured,0,0.4327
CORP_263,Beacon Telecom,Corporate,Utilities,UK,A,3,0.96,7.32,0.3426,38.99,,,0.037,0.0431,2.3,45.63,Senior Unsecured,Unsecured,0,0.4113
CORP_264,Titan Pharmaceuticals,Corporate,Utilities,South Africa,A,3,0.99,7.47,0.3754,17.06,,,0.0387,0.0448,9.5,67.28,Senior Secured,Financial Collateral,0,0.8329
CORP_265,Nordic Energy,Corporate,Utilities,Germany,A,3,0.92,6.77,0.3753,55.18,,,0.0294,0.0336,8.5,11.94,Senior Unsecured,Unsecured,0,0.4169
CORP_266,Apex Logistics,Corporate,Utilities,Brazil,B,6,3.14,-2.0,0.086,74.71,,,0.0878,0.0913,2.3,10.11,Senior Secured,Real Estate,0,0.8039
CORP_267,Crest Utilities,Corporate,Utilities,South Africa,B,6,4.88,-0.29,-0.0318,44.32,,,0.0901,0.0946,9.8,11.1,Senior Secured,Financial Collateral,0,0.7974
CORP_268,Summit Enterprises,Corporate,Utilities,South Africa,BBB,4,2.09,4.29,0.0181,500.0,,,0.0542,0.0585,9.1,49.43,Senior Secured,Real Estate,0,0.8027
CORP_269,Nordic Logistics,Corporate,Energy,South Africa,BBB,4,1.6,4.53,0.1817,111.51,,,0.041,0.0451,1.0,19.76,Senior Secured,Real Estate,0,0.7813
CORP_270,Aero Industries,Corporate,Technology,Brazil,BBB,4,1.18,2.27,0.3164,134.53,,,0.0475,0.0516,8.2,20.12,Senior Unsecured,Unsecured,0,0.2425
CORP_271,Helix Enterprises,Corporate,Energy,UK,BBB,4,1.6,4.94,0.2199,11.81,,,0.0494,0.0533,4.1,59.57,Senior Secured,Physical Plant,0,0.5558
CORP_272,Aero Holdings,Corporate,Technology,US,A,3,0.58,7.71,0.1335,17.56,,,0.0246,0.0294,2.0,15.03,Senior Secured,Real Estate,0,0.6865
CORP_273,Apex Resources,Corporate,Utilities,US,AA,2,0.52,11.95,0.3969,39.72,,,0.0263,0.0308,1.1,122.88,Subordinated,Unsecured,0,0.1534
CORP_274,Delta Ventures,Corporate,Telecom,Brazil,A,3,0.64,4.6,0.1826,70.37,,,0.0305,0.0366,3.8,111.28,Senior Unsecured,Unsecured,0,0.4013
CORP_275,Summit Energy,Corporate,Energy,South Africa,BBB,4,1.45,4.31,0.1682,18.36,,,0.046,0.0515,9.8,100.2,Senior Secured,Financial Collateral,0,0.8274
CORP_276,Global Industries,Corporate,Technology,US,B,6,4.07,2.09,-0.05,19.81,,,0.083,0.0906,2.3,94.2,Senior Secured,Real Estate,0,0.7728
CORP_277,Dynamic Pharmaceuticals,Corporate,Utilities,Brazil,BBB,4,1.25,6.61,0.161,102.31,,,0.0551,0.0598,2.6,98.71,Senior Secured,Financial Collateral,0,0.8057
CORP_278,Alpha Telecom,Corporate,Telecom,Germany,AA,2,0.53,7.89,0.3672,14.34,,,0.0278,0.032,4.6,62.3,Senior Secured,Real Estate,0,0.7148
CORP_279,Core Pharmaceuticals,Corporate,Utilities,India,BBB,4,1.66,5.99,0.0888,70.25,,,0.0425,0.0446,7.8,47.48,Senior Unsecured,Unsecured,0,0.3891
CORP_280,Vanguard Services,Corporate,Utilities,Brazil,A,3,0.97,7.26,0.1325,24.63,,,0.0347,0.0408,5.4,61.19,Senior Unsecured,Unsecured,0,0.3798
CORP_281,Apex Infrastructure,Corporate,Technology,UK,A,3,1.28,8.07,0.3143,87.71,,,0.0322,0.037,4.6,22.46,Senior Unsecured,Unsecured,0,0.5552
CORP_282,Nova Group,Corporate,Technology,South Africa,BBB,4,1.36,3.1,0.1907,317.08,,,0.0436,0.0434,9.1,154.43,Senior Secured,Financial Collateral,0,0.859
CORP_283,Nova Utilities,Corporate,Energy,UK,CCC/C,7,5.0,-2.0,-0.0355,202.21,,,0.1224,0.1259,6.4,71.19,Subordinated,Unsecured,1,0.188
CORP_284,Global Ventures,Corporate,Telecom,South Africa,AA,2,0.64,9.18,0.2184,270.4,,,0.0308,0.0356,4.1,53.81,Senior Secured,Financial Collateral,0,0.8671
CORP_285,Pacific Telecom,Corporate,Utilities,India,A,3,1.37,7.18,0.3206,138.39,,,0.0357,0.0412,3.8,71.8,Senior Secured,Real Estate,0,0.6855
CORP_286,Alpha Pharmaceuticals,Corporate,Technology,US,BB,5,2.55,4.26,0.2026,165.04,,,0.0659,0.0727,2.1,46.89,Senior Secured,Real Estate,0,0.7124
CORP_287,Vertex Telecom,Corporate,Energy,UK,A,3,0.63,7.14,0.2382,99.61,,,0.0344,0.0377,6.9,9.06,Senior Unsecured,Unsecured,0,0.3623
CORP_288,Delta Telecom,Corporate,Technology,UK,BBB,4,1.59,3.68,0.2477,47.56,,,0.0481,0.0526,7.7,17.54,Subordinated,Unsecured,0,0.1484
CORP_289,Delta Resources,Corporate,Technology,Germany,BB,5,2.42,4.63,0.1774,35.13,,,0.0658,0.0707,5.2,24.58,Senior Unsecured,Unsecured,0,0.5057
CORP_290,Delta Resources,Corporate,Technology,India,A,3,0.85,5.74,0.3601,82.93,,,0.0415,0.0439,4.2,71.46,Senior Secured,Financial Collateral,0,0.8609
CORP_291,Global Pharmaceuticals,Corporate,Energy,Brazil,BBB,4,1.66,1.76,0.2366,141.83,,,0.0434,0.0471,3.4,16.37,Senior Secured,Financial Collateral,0,0.8421
CORP_292,United Energy,Corporate,Telecom,Germany,BB,5,3.1,6.42,0.1117,88.91,,,0.0613,0.0667,7.1,38.65,Senior Secured,Financial Collateral,0,0.8784
CORP_293,Dynamic Logistics,Corporate,Telecom,India,A,3,0.71,8.4,0.3501,37.63,,,0.0452,0.0497,4.6,72.47,Senior Secured,Real Estate,0,0.6621
CORP_294,Vertex Pharmaceuticals,Corporate,Telecom,India,CCC/C,7,3.2,-0.99,0.0436,49.49,,,0.122,0.1279,3.9,5.0,Senior Unsecured,Unsecured,1,0.4113
CORP_295,Global Enterprises,Corporate,Energy,India,BBB,4,2.25,4.42,0.1873,24.57,,,0.0418,0.0479,6.6,17.55,Senior Secured,Real Estate,0,0.6526
CORP_296,Crest Resources,Corporate,Finance,US,BBB,4,1.88,2.52,0.2787,88.98,,,0.0495,0.0578,6.9,58.6,Senior Unsecured,Unsecured,0,0.2748
CORP_297,Alpha Ventures,Corporate,Finance,India,A,3,1.3,5.25,0.2978,172.52,,,0.0405,0.0443,1.7,58.22,Senior Secured,Physical Plant,0,0.4701
CORP_298,Dynamic Resources,Corporate,Utilities,Germany,BBB,4,1.71,5.23,0.307,86.75,,,0.0473,0.0546,5.3,47.75,Senior Unsecured,Unsecured,0,0.3924
CORP_299,Beacon Ventures,Corporate,Telecom,Brazil,BB,5,2.97,1.48,0.068,65.27,,,0.0651,0.071,3.6,87.56,Senior Secured,Real Estate,0,0.7441
CORP_300,Nordic Utilities,Corporate,Finance,Germany,BBB,4,1.38,3.77,0.2368,50.38,,,0.0414,0.0462,9.0,149.32,Subordinated,Unsecured,0,0.1329
CORP_301,Core Industries,Corporate,Finance,US,A,3,0.88,5.34,0.1753,415.19,,,0.0342,0.0411,5.8,5.19,Subordinated,Unsecured,0,0.1252
CORP_302,Nova Resources,Corporate,Finance,Brazil,BBB,4,1.48,5.27,0.0393,43.69,,,0.0514,0.0597,8.4,15.15,Senior Unsecured,Unsecured,0,0.2281
CORP_303,Synergy Utilities,Corporate,Finance,India,BB,5,4.1,1.84,0.0031,31.37,,,0.0707,0.0745,6.6,40.38,Senior Unsecured,Unsecured,1,0.4348
CORP_304,Vanguard Industries,Corporate,Utilities,UK,BBB,4,2.1,5.86,0.3591,500.0,,,0.0421,0.0464,9.8,34.84,Senior Unsecured,Unsecured,0,0.4943
CORP_305,Quantum Logistics,Corporate,Energy,UK,CCC/C,7,3.24,1.53,-0.0989,99.37,,,0.1122,0.1148,4.9,32.7,Senior Unsecured,Unsecured,0,0.5208
CORP_306,Vertex Utilities,Corporate,Technology,India,A,3,0.59,7.05,0.0476,108.39,,,0.0354,0.0413,8.8,41.39,Subordinated,Unsecured,0,0.0954
CORP_307,Global Group,Corporate,Finance,UK,AA,2,0.57,7.64,0.2981,87.47,,,0.0305,0.0399,5.6,70.79,Senior Secured,Physical Plant,0,0.6397
CORP_308,Quantum Holdings,Corporate,Finance,India,AA,2,0.48,9.21,0.2413,20.38,,,0.0149,0.0197,2.7,12.17,Senior Unsecured,Financial Collateral,0,0.7651
CORP_309,Vanguard Energy,Corporate,Finance,Germany,AA,2,0.45,10.28,0.4707,109.94,,,0.0275,0.0317,1.3,31.32,Senior Secured,Real Estate,0,0.8223
CORP_310,Apex Services,Corporate,Finance,India,A,3,1.1,10.28,0.2494,30.38,,,0.0313,0.0349,4.7,16.06,Senior Secured,Real Estate,0,0.7922
CORP_311,Apex Energy,Corporate,Finance,US,A,3,0.72,9.04,0.2418,11.69,,,0.0361,0.0404,1.1,14.59,Senior Secured,Financial Collateral,0,0.8699
CORP_312,United Utilities,Corporate,Energy,Brazil,A,3,0.86,8.62,0.3712,500.0,,,0.0237,0.0268,4.9,38.85,Senior Unsecured,Unsecured,0,0.2633
CORP_313,Synergy Technologies,Corporate,Utilities,Germany,BBB,4,1.77,4.21,0.2276,25.65,,,0.0476,0.0513,6.0,25.26,Senior Secured,Real Estate,0,0.64
CORP_314,Summit Technologies,Corporate,Finance,US,BBB,4,1.6,3.65,0.1376,144.82,,,0.0449,0.0515,8.4,7.68,Senior Secured,Financial Collateral,1,0.8497
CORP_315,Aero Holdings,Corporate,Utilities,UK,BB,5,1.44,5.26,0.1436,27.6,,,0.0658,0.0711,6.6,25.29,Senior Secured,Physical Plant,0,0.5507
CORP_316,Dynamic Pharmaceuticals,Corporate,Utilities,US,B,6,3.59,1.16,-0.0599,5.37,,,0.0923,0.1,6.9,24.17,Senior Secured,Real Estate,0,0.6665
CORP_317,Dynamic Technologies,Corporate,Utilities,US,BBB,4,1.06,4.9,0.2608,134.62,,,0.0412,0.047,1.9,39.19,Senior Unsecured,Financial Collateral,0,0.8234
CORP_318,Summit Services,Corporate,Energy,UK,A,3,0.75,7.07,0.2745,75.52,,,0.024,0.0284,7.1,95.55,Senior Secured,Real Estate,0,0.8068
CORP_319,Nova Industries,Corporate,Telecom,Germany,BB,5,2.52,3.65,0.0558,55.54,,,0.07,0.076,3.2,89.49,Subordinated,Unsecured,0,0.1364
CORP_320,Delta Holdings,Corporate,Telecom,Germany,BBB,4,2.96,4.99,0.2368,500.0,,,0.0567,0.0633,7.8,58.44,Senior Secured,Financial Collateral,0,0.8658
CORP_321,Vanguard Resources,Corporate,Telecom,South Africa,AAA,1,0.41,12.43,0.3074,15.82,,,0.0122,0.0186,1.2,63.62,Senior Unsecured,Unsecured,0,0.5119
CORP_322,Delta Pharmaceuticals,Corporate,Finance,US,AA,2,0.55,8.79,0.2583,95.59,,,0.0343,0.0418,8.0,68.85,Senior Secured,Financial Collateral,0,0.8706
CORP_323,Nova Utilities,Corporate,Technology,US,A,3,0.67,7.43,0.2124,104.35,,,0.0348,0.0366,9.2,24.21,Senior Unsecured,Unsecured,0,0.3701
CORP_324,Nova Infrastructure,Corporate,Technology,Germany,A,3,1.01,5.68,0.3973,102.89,,,0.0325,0.0337,4.6,16.25,Senior Unsecured,Unsecured,0,0.2918
CORP_325,Delta Industries,Corporate,Energy,US,AA,2,0.59,10.4,0.4026,55.97,,,0.0191,0.0262,2.7,22.12,Senior Secured,Real Estate,0,0.7334
CORP_326,Aero Logistics,Corporate,Utilities,South Africa,BBB,4,1.92,5.24,0.1316,65.85,,,0.0449,0.0489,2.1,12.65,Senior Secured,Real Estate,0,0.7122
CORP_327,Beacon Ventures,Corporate,Utilities,US,BBB,4,1.23,3.71,0.1989,48.42,,,0.0427,0.0491,2.2,26.79,Senior Secured,Physical Plant,0,0.646
CORP_328,Nordic Ventures,Corporate,Telecom,South Africa,BBB,4,2.09,3.34,0.2106,53.5,,,0.0436,0.0503,1.6,48.61,Senior Unsecured,Unsecured,0,0.3815
CORP_329,Alpha Services,Corporate,Telecom,Brazil,BBB,4,1.72,4.04,0.2559,17.77,,,0.0561,0.0579,2.0,65.95,Subordinated,Unsecured,0,0.1215
CORP_330,Nordic Group,Corporate,Technology,Brazil,A,3,0.92,6.77,0.2394,50.11,,,0.0358,0.0443,2.9,20.8,Senior Secured,Real Estate,0,0.7871
CORP_331,Apex Enterprises,Corporate,Finance,US,BBB,4,1.77,3.13,0.27,120.24,,,0.044,0.0469,5.3,39.74,Subordinated,Unsecured,0,0.1188
CORP_332,Global Logistics,Corporate,Utilities,India,AAA,1,0.38,12.54,0.3092,12.04,,,0.0151,0.0218,9.2,47.48,Senior Secured,Financial Collateral,0,0.8084
CORP_333,Crest Infrastructure,Corporate,Telecom,Brazil,BBB,4,1.87,3.2,0.1019,217.2,,,0.0488,0.0548,4.9,11.26,Senior Unsecured,Unsecured,0,0.4095
CORP_334,Pacific Energy,Corporate,Technology,UK,A,3,0.74,4.03,0.2904,29.27,,,0.0425,0.0488,1.3,20.75,Senior Unsecured,Unsecured,0,0.4048
CORP_335,United Group,Corporate,Technology,UK,BBB,4,1.45,3.44,0.2635,260.13,,,0.0514,0.0554,5.2,63.54,Senior Unsecured,Financial Collateral,0,0.8491
CORP_336,Core Technologies,Corporate,Technology,India,BBB,4,1.39,3.13,0.1964,31.47,,,0.0464,0.0512,8.7,101.31,Senior Unsecured,Unsecured,0,0.2855
CORP_337,Vertex Logistics,Corporate,Utilities,Germany,A,3,1.01,6.97,0.2817,23.29,,,0.0347,0.039,3.0,39.52,Senior Unsecured,Unsecured,0,0.4008
CORP_338,Dynamic Ventures,Corporate,Energy,US,AAA,1,0.22,10.13,0.3765,78.66,,,0.0222,0.0262,6.5,38.72,Senior Secured,Real Estate,0,0.7219
CORP_339,Aero Logistics,Corporate,Utilities,UK,AA,2,0.44,10.04,0.369,33.63,,,0.0196,0.0272,2.9,22.54,Senior Unsecured,Financial Collateral,0,0.8744
CORP_340,Titan Logistics,Corporate,Utilities,Germany,AA,2,0.91,11.78,0.4078,67.1,,,0.03,0.0361,1.1,6.88,Senior Unsecured,Unsecured,0,0.569
CORP_341,Global Telecom,Corporate,Energy,South Africa,A,3,0.93,8.98,0.2513,94.06,,,0.0312,0.0366,6.8,51.16,Senior Secured,Real Estate,0,0.838
CORP_342,Synergy Logistics,Corporate,Technology,UK,BBB,4,1.38,5.66,0.1898,65.01,,,0.0434,0.0481,1.1,49.65,Subordinated,Unsecured,0,0.1555
CORP_343,Beacon Logistics,Corporate,Technology,UK,BB,5,2.03,2.57,0.0254,46.6,,,0.0701,0.0767,2.0,103.95,Subordinated,Unsecured,0,0.1513
CORP_344,Beacon Pharmaceuticals,Corporate,Telecom,Brazil,BBB,4,1.38,6.16,0.1546,175.83,,,0.0484,0.0521,6.3,38.91,Subordinated,Unsecured,0,0.1627
CORP_345,Pacific Technologies,Corporate,Finance,US,AA,2,0.4,9.22,0.1986,40.8,,,0.0247,0.0295,5.9,6.79,Senior Unsecured,Financial Collateral,0,0.8796
CORP_346,Beacon Telecom,Corporate,Utilities,Brazil,BBB,4,1.69,3.63,0.1948,12.07,,,0.053,0.0561,9.5,39.71,Senior Unsecured,Unsecured,0,0.4631
CORP_347,Delta Enterprises,Corporate,Energy,Germany,B,6,3.65,0.52,-0.0177,59.16,,,0.0897,0.0952,9.3,8.93,Senior Unsecured,Unsecured,1,0.4266
CORP_348,Synergy Holdings,Corporate,Energy,South Africa,AA,2,0.51,12.23,0.2852,37.7,,,0.0208,0.0229,7.8,18.36,Senior Secured,Real Estate,0,0.7545
CORP_349,Crest Holdings,Corporate,Utilities,UK,BBB,4,1.76,4.47,0.1567,84.37,,,0.0463,0.0517,1.2,53.02,Senior Secured,Financial Collateral,0,0.8109
CORP_350,Titan Group,Corporate,Technology,India,BBB,4,1.96,4.48,0.0871,47.26,,,0.0577,0.0644,3.7,8.55,Senior Secured,Real Estate,0,0.7308
CORP_351,Quantum Energy,Corporate,Finance,Brazil,BBB,4,2.17,3.12,0.1627,500.0,,,0.0467,0.05,3.2,29.3,Senior Secured,Real Estate,0,0.7275
CORP_352,Core Infrastructure,Corporate,Technology,UK,BB,5,2.14,4.61,0.1382,113.33,,,0.0609,0.0635,4.6,34.86,Senior Secured,Financial Collateral,0,0.8237
CORP_353,Pacific Industries,Corporate,Technology,UK,A,3,0.64,4.82,0.3105,38.45,,,0.0305,0.0367,4.3,43.36,Senior Secured,Physical Plant,0,0.5341
CORP_354,Nova Telecom,Corporate,Finance,India,BBB,4,1.44,2.8,0.2337,163.37,,,0.0525,0.0582,9.0,132.47,Senior Unsecured,Unsecured,0,0.4244
CORP_355,Alpha Telecom,Corporate,Finance,South Africa,AA,2,0.36,9.79,0.4377,6.71,,,0.0327,0.0399,8.5,26.09,Subordinated,Unsecured,0,0.1362
CORP_356,Vanguard Technologies,Corporate,Utilities,UK,AA,2,0.45,11.32,0.4458,208.32,,,0.0312,0.0358,9.7,55.56,Senior Unsecured,Unsecured,0,0.5042
CORP_357,United Energy,Corporate,Utilities,US,BBB,4,1.74,2.42,0.1843,173.2,,,0.0477,0.0537,2.3,53.19,Senior Secured,Physical Plant,0,0.5898
CORP_358,Quantum Resources,Corporate,Energy,South Africa,AAA,1,0.23,12.62,0.4136,500.0,,,0.0254,0.0311,9.0,143.41,Senior Secured,Real Estate,0,0.7425
CORP_359,United Logistics,Corporate,Energy,India,AA,2,0.67,11.53,0.2986,48.5,,,0.017,0.0179,7.0,87.03,Subordinated,Unsecured,0,0.0925
CORP_360,Titan Enterprises,Corporate,Finance,India,A,3,0.75,7.78,0.2662,15.4,,,0.0301,0.0334,6.8,80.97,Senior Unsecured,Unsecured,0,0.439
CORP_361,Titan Resources,Corporate,Technology,UK,BBB,4,1.6,4.14,0.2061,35.97,,,0.0375,0.0466,9.5,23.95,Senior Unsecured,Unsecured,0,0.4151
CORP_362,Crest Ventures,Corporate,Finance,Germany,BBB,4,1.34,4.51,0.2164,125.6,,,0.0501,0.0527,7.1,147.91,Senior Unsecured,Financial Collateral,0,0.8585
CORP_363,Pacific Services,Corporate,Finance,Germany,AAA,1,0.28,9.58,0.4733,469.48,,,0.0156,0.0226,6.1,30.54,Senior Unsecured,Unsecured,0,0.335
CORP_364,Nova Enterprises,Corporate,Utilities,Brazil,BB,5,3.12,2.73,0.1473,45.74,,,0.0589,0.0617,5.6,74.24,Senior Secured,Real Estate,0,0.7266
CORP_365,Vertex Telecom,Corporate,Energy,South Africa,CCC/C,7,4.04,-0.58,-0.085,11.81,,,0.1161,0.1229,6.3,41.1,Subordinated,Unsecured,1,0.155
CORP_366,Summit Infrastructure,Corporate,Finance,India,A,3,1.16,8.5,0.3426,17.45,,,0.033,0.0373,10.0,14.44,Senior Secured,Financial Collateral,0,0.9285
CORP_367,Beacon Holdings,Corporate,Technology,India,BBB,4,1.55,3.98,0.2711,19.54,,,0.0442,0.0493,9.4,61.57,Senior Unsecured,Unsecured,0,0.4953
CORP_368,Dynamic Technologies,Corporate,Finance,India,BBB,4,2.41,4.89,0.2638,242.42,,,0.0422,0.0437,9.7,26.93,Senior Unsecured,Unsecured,0,0.3561
CORP_369,Beacon Ventures,Corporate,Telecom,UK,BBB,4,1.38,2.43,0.2767,52.26,,,0.0426,0.047,5.7,37.97,Subordinated,Unsecured,0,0.1719
CORP_370,Vanguard Ventures,Corporate,Utilities,Brazil,BB,5,2.39,2.41,0.1616,91.88,,,0.0652,0.0731,3.1,51.36,Subordinated,Unsecured,0,0.1864
CORP_371,Delta Utilities,Corporate,Utilities,India,BB,5,2.34,3.79,0.1353,198.91,,,0.069,0.0716,9.0,216.16,Senior Secured,Physical Plant,1,0.5318
CORP_372,Delta Telecom,Corporate,Technology,US,BBB,4,1.19,4.51,0.0455,30.57,,,0.0608,0.0671,1.1,66.09,Senior Secured,Real Estate,0,0.8084
CORP_373,Pacific Pharmaceuticals,Corporate,Telecom,US,A,3,0.97,5.09,0.2468,22.18,,,0.0377,0.0464,4.5,121.31,Senior Secured,Real Estate,0,0.6303
CORP_374,Quantum Enterprises,Corporate,Finance,India,A,3,1.15,7.27,0.3004,32.22,,,0.031,0.0311,1.4,54.61,Senior Unsecured,Unsecured,0,0.3527
CORP_375,Beacon Enterprises,Corporate,Utilities,South Africa,AAA,1,0.32,12.3,0.5,8.03,,,0.01,0.0191,3.3,21.09,Senior Secured,Financial Collateral,0,0.8734
CORP_376,Aero Holdings,Corporate,Energy,South Africa,BBB,4,1.08,7.23,0.1493,22.64,,,0.0587,0.0644,8.0,26.09,Senior Secured,Financial Collateral,0,0.8427
CORP_377,Nordic Utilities,Corporate,Technology,India,BBB,4,1.13,6.3,0.2144,138.68,,,0.0475,0.0508,7.8,34.26,Subordinated,Unsecured,0,0.2228
CORP_378,Dynamic Services,Corporate,Finance,Brazil,BB,5,3.19,2.84,0.0427,35.01,,,0.0627,0.0647,3.3,18.23,Senior Secured,Financial Collateral,0,0.834
CORP_379,Global Logistics,Corporate,Finance,India,BB,5,2.15,3.95,0.0673,95.28,,,0.0632,0.0664,8.3,12.02,Senior Unsecured,Unsecured,0,0.4579
CORP_380,Beacon Infrastructure,Corporate,Utilities,Germany,A,3,0.62,5.11,0.2179,64.93,,,0.0318,0.0381,7.1,43.68,Senior Unsecured,Unsecured,0,0.5086
CORP_381,Alpha Technologies,Corporate,Technology,South Africa,AAA,1,0.39,11.56,0.3481,137.85,,,0.0161,0.0196,4.1,5.0,Senior Secured,Real Estate,0,0.7449
CORP_382,Summit Energy,Corporate,Telecom,US,BB,5,2.81,2.93,0.1263,36.99,,,0.0706,0.076,5.3,14.08,Senior Unsecured,Unsecured,0,0.378
CORP_383,Global Industries,Corporate,Energy,Germany,BB,5,3.32,2.78,0.1642,84.53,,,0.0729,0.0771,10.0,21.99,Senior Unsecured,Unsecured,0,0.4271
CORP_384,Vertex Telecom,Corporate,Utilities,US,A,3,0.88,8.28,0.2917,31.37,,,0.0317,0.0371,9.8,207.39,Senior Unsecured,Unsecured,0,0.531
CORP_385,Nordic Logistics,Corporate,Finance,Brazil,BBB,4,1.5,2.69,0.28,24.44,,,0.0493,0.0543,1.5,28.09,Senior Unsecured,Unsecured,0,0.2239
CORP_386,Alpha Group,Corporate,Technology,UK,BB,5,2.71,3.94,0.0768,146.83,,,0.0568,0.06,5.2,21.17,Senior Unsecured,Unsecured,0,0.3766
CORP_387,Alpha Energy,Corporate,Telecom,Germany,BB,5,2.77,4.09,0.1325,39.46,,,0.0652,0.073,1.5,62.78,Senior Unsecured,Unsecured,0,0.4048
CORP_388,Global Infrastructure,Corporate,Energy,South Africa,BBB,4,1.23,4.57,0.1734,170.41,,,0.0503,0.0549,4.3,17.53,Senior Unsecured,Unsecured,0,0.3807
CORP_389,Crest Telecom,Corporate,Energy,UK,BBB,4,0.95,4.77,0.1603,144.72,,,0.0353,0.0407,8.7,7.2,Senior Unsecured,Unsecured,0,0.3055
CORP_390,Titan Enterprises,Corporate,Technology,Germany,BBB,4,1.0,4.97,0.105,40.33,,,0.0507,0.0559,5.5,41.34,Senior Secured,Physical Plant,0,0.5421
CORP_391,Global Holdings,Corporate,Energy,Brazil,AAA,1,0.4,12.17,0.5,47.76,,,0.01,0.0179,8.5,32.16,Senior Secured,Real Estate,0,0.8479
CORP_392,Crest Enterprises,Corporate,Technology,India,A,3,0.92,6.48,0.335,32.5,,,0.0347,0.0421,4.7,20.03,Senior Secured,Real Estate,0,0.6928
CORP_393,Core Holdings,Corporate,Finance,Germany,A,3,1.48,8.71,0.2719,37.04,,,0.0417,0.0487,6.7,21.17,Senior Unsecured,Unsecured,0,0.3778
CORP_394,United Services,Corporate,Energy,Brazil,BB,5,1.59,2.17,0.1435,77.0,,,0.0634,0.0686,6.1,22.87,Senior Secured,Physical Plant,0,0.6308
CORP_395,Global Industries,Corporate,Utilities,Brazil,AAA,1,0.27,13.65,0.5,94.16,,,0.0204,0.0255,5.8,53.43,Senior Unsecured,Unsecured,0,0.3907
CORP_396,Quantum Enterprises,Corporate,Technology,India,BBB,4,1.12,4.29,0.1499,69.36,,,0.054,0.0545,4.9,61.43,Senior Unsecured,Unsecured,0,0.4427
CORP_397,Synergy Industries,Corporate,Technology,South Africa,A,3,1.17,6.89,0.3594,41.59,,,0.0322,0.0394,7.2,15.09,Senior Unsecured,Unsecured,0,0.2189
CORP_398,Titan Industries,Corporate,Telecom,Germany,A,3,1.05,3.62,0.2265,27.47,,,0.0319,0.0386,2.7,85.65,Senior Secured,Real Estate,0,0.7508
CORP_399,Synergy Industries,Corporate,Finance,US,A,3,1.0,8.16,0.2218,50.69,,,0.0386,0.0465,1.0,64.19,Senior Unsecured,Financial Collateral,0,0.7964
CORP_400,Vertex Logistics,Corporate,Finance,US,BB,5,3.92,0.43,0.2361,28.64,,,0.0703,0.0752,5.7,34.19,Senior Unsecured,Unsecured,0,0.462
CORP_401,Quantum Enterprises,Corporate,Technology,UK,B,6,3.83,1.84,0.137,119.82,,,0.0914,0.0944,1.3,13.22,Senior Secured,Real Estate,0,0.7495
CORP_402,Nordic Enterprises,Corporate,Telecom,UK,BB,5,2.73,3.74,0.0404,5.88,,,0.0684,0.0784,3.5,128.87,Senior Unsecured,Unsecured,0,0.3908
CORP_403,Pacific Enterprises,Corporate,Telecom,UK,BBB,4,1.54,1.54,0.2283,474.25,,,0.0468,0.0514,7.2,49.5,Senior Secured,Real Estate,0,0.7191
CORP_404,United Services,Corporate,Finance,South Africa,BB,5,2.29,-1.63,0.1065,43.31,,,0.067,0.0716,3.5,172.51,Senior Secured,Financial Collateral,0,0.8318
CORP_405,United Telecom,Corporate,Technology,India,BB,5,2.36,5.36,0.0739,65.72,,,0.0723,0.0801,9.0,18.19,Senior Secured,Financial Collateral,0,0.8504
CORP_406,Global Enterprises,Corporate,Utilities,Germany,A,3,0.71,8.51,0.261,68.38,,,0.035,0.0422,4.9,122.23,Senior Secured,Financial Collateral,0,0.9059
CORP_407,United Infrastructure,Corporate,Finance,Germany,A,3,0.82,7.36,0.2999,59.28,,,0.0315,0.0378,5.5,23.69,Senior Unsecured,Unsecured,0,0.2851
CORP_408,Apex Technologies,Corporate,Technology,US,BBB,4,2.15,7.61,0.3027,5.0,,,0.0503,0.0543,5.9,46.67,Subordinated,Unsecured,0,0.1251
CORP_409,Dynamic Pharmaceuticals,Corporate,Energy,South Africa,AA,2,0.43,7.76,0.4504,36.48,,,0.0187,0.0233,3.4,13.6,Senior Unsecured,Unsecured,0,0.4024
CORP_410,Synergy Group,Corporate,Utilities,US,CCC/C,7,5.0,-2.0,-0.0383,185.7,,,0.1105,0.1172,6.1,56.84,Senior Secured,Real Estate,1,0.7298
CORP_411,Quantum Pharmaceuticals,Corporate,Technology,UK,BB,5,1.66,2.6,0.1303,42.46,,,0.0643,0.0696,8.3,50.19,Senior Secured,Financial Collateral,0,0.8395
CORP_412,Dynamic Pharmaceuticals,Corporate,Telecom,India,BB,5,3.34,1.38,-0.0171,24.34,,,0.0636,0.0689,1.4,7.13,Subordinated,Unsecured,0,0.0548
CORP_413,Global Group,Corporate,Energy,UK,BB,5,2.25,1.78,0.1663,246.26,,,0.0619,0.0671,2.3,12.92,Senior Unsecured,Unsecured,0,0.4418
CORP_414,Dynamic Resources,Corporate,Technology,Brazil,BBB,4,1.17,4.46,0.0184,48.67,,,0.0435,0.0492,4.9,55.24,Senior Secured,Physical Plant,0,0.5735
CORP_415,Crest Utilities,Corporate,Technology,UK,A,3,1.31,6.52,0.2051,78.05,,,0.039,0.0432,3.1,10.62,Senior Secured,Physical Plant,0,0.732
CORP_416,Vertex Enterprises,Corporate,Technology,Germany,B,6,2.2,1.21,0.1179,16.77,,,0.0934,0.0985,4.6,32.13,Senior Unsecured,Unsecured,0,0.5554
CORP_417,Titan Energy,Corporate,Utilities,India,BBB,4,1.26,5.3,0.279,169.66,,,0.0441,0.0473,6.9,13.01,Senior Unsecured,Unsecured,0,0.3644
CORP_418,Titan Services,Corporate,Utilities,UK,BBB,4,1.36,1.94,0.1161,24.57,,,0.0459,0.0488,3.3,87.54,Senior Unsecured,Unsecured,0,0.4915
CORP_419,Global Technologies,Corporate,Energy,Germany,A,3,1.25,5.67,0.3906,469.68,,,0.0389,0.0451,2.2,73.67,Senior Secured,Financial Collateral,0,0.7913
CORP_420,Titan Utilities,Corporate,Utilities,Brazil,BBB,4,1.4,4.19,0.1891,25.7,,,0.0492,0.0498,3.7,66.04,Senior Secured,Real Estate,0,0.7746
CORP_421,Core Logistics,Corporate,Finance,UK,BBB,4,1.67,2.77,0.3378,73.26,,,0.0431,0.0495,2.7,97.77,Senior Unsecured,Unsecured,0,0.3779
CORP_422,Aero Utilities,Corporate,Telecom,India,BBB,4,1.14,6.34,0.239,351.37,,,0.0519,0.0544,2.0,5.12,Senior Secured,Financial Collateral,0,0.9057
CORP_423,Dynamic Group,Corporate,Finance,Germany,BBB,4,1.33,3.25,0.0187,42.25,,,0.0469,0.0533,4.4,84.43,Senior Unsecured,Unsecured,0,0.3695
CORP_424,Pacific Holdings,Corporate,Technology,South Africa,BBB,4,1.51,4.53,0.1686,74.12,,,0.0431,0.0498,8.9,49.34,Senior Secured,Real Estate,0,0.7978
CORP_425,Delta Industries,Corporate,Telecom,US,A,3,1.02,9.99,0.293,20.74,,,0.0344,0.0406,3.9,59.93,Senior Unsecured,Financial Collateral,0,0.8567
CORP_426,Crest Enterprises,Corporate,Finance,UK,A,3,0.92,3.53,0.4139,93.33,,,0.0411,0.043,6.3,186.0,Senior Secured,Real Estate,0,0.7925
CORP_427,Dynamic Holdings,Corporate,Utilities,US,BB,5,3.31,3.21,0.0321,10.77,,,0.0588,0.063,1.6,39.04,Senior Secured,Real Estate,0,0.7515
CORP_428,Summit Utilities,Corporate,Finance,Germany,AA,2,0.5,14.17,0.358,190.81,,,0.0291,0.0318,5.9,48.54,Senior Unsecured,Unsecured,0,0.2814
CORP_429,Delta Industries,Corporate,Telecom,Brazil,A,3,0.79,8.16,0.2444,77.48,,,0.0357,0.0417,7.4,19.63,Senior Secured,Physical Plant,0,0.4672
CORP_430,Synergy Industries,Corporate,Utilities,India,BBB,4,2.15,6.03,0.0083,48.13,,,0.051,0.055,6.5,59.4,Senior Secured,Physical Plant,1,0.5934
CORP_431,Aero Energy,Corporate,Telecom,Germany,A,3,0.72,8.62,0.3204,33.91,,,0.0378,0.0423,8.6,49.6,Subordinated,Unsecured,0,0.1779
CORP_432,Quantum Infrastructure,Corporate,Telecom,US,BB,5,2.26,2.15,0.0821,69.42,,,0.0679,0.0708,1.8,17.66,Senior Unsecured,Unsecured,0,0.5028
CORP_433,Crest Technologies,Corporate,Telecom,Germany,BBB,4,1.06,5.95,0.1911,44.83,,,0.0452,0.0505,1.2,7.26,Senior Unsecured,Unsecured,0,0.353
CORP_434,Beacon Group,Corporate,Finance,US,A,3,0.75,7.23,0.3271,124.3,,,0.0391,0.0461,7.0,203.76,Senior Secured,Financial Collateral,0,0.8358
CORP_435,Beacon Enterprises,Corporate,Technology,South Africa,A,3,1.27,8.53,0.2509,141.0,,,0.0367,0.0447,8.9,143.77,Senior Unsecured,Unsecured,0,0.6229
CORP_436,United Industries,Corporate,Utilities,Germany,BBB,4,1.46,8.08,0.2144,45.67,,,0.0438,0.051,3.8,26.64,Senior Unsecured,Financial Collateral,0,0.8714
CORP_437,Helix Services,Corporate,Energy,Brazil,A,3,0.78,7.44,0.2851,36.74,,,0.0399,0.0462,4.1,34.74,Senior Secured,Real Estate,0,0.7367
CORP_438,Quantum Holdings,Corporate,Energy,India,AA,2,0.41,10.65,0.3099,70.21,,,0.0189,0.0232,2.0,63.58,Senior Secured,Financial Collateral,0,0.8547
CORP_439,Helix Infrastructure,Corporate,Finance,South Africa,AA,2,0.53,8.92,0.303,75.56,,,0.0193,0.025,7.6,26.56,Senior Unsecured,Unsecured,0,0.2502
CORP_440,Global Pharmaceuticals,Corporate,Technology,Brazil,A,3,0.74,7.58,0.1572,38.14,,,0.0308,0.0375,8.9,31.94,Senior Unsecured,Unsecured,0,0.4118
CORP_441,Delta Industries,Corporate,Energy,South Africa,A,3,0.97,6.18,0.4295,62.13,,,0.031,0.0337,4.0,35.81,Senior Unsecured,Unsecured,0,0.4017
CORP_442,Vertex Ventures,Corporate,Utilities,South Africa,B,6,3.86,0.24,-0.0682,77.63,,,0.0995,0.1027,7.5,23.67,Senior Secured,Real Estate,0,0.7131
CORP_443,Vanguard Pharmaceuticals,Corporate,Telecom,Brazil,A,3,1.22,7.03,0.2417,13.74,,,0.0331,0.0428,5.1,86.46,Senior Unsecured,Unsecured,0,0.2565
CORP_444,Crest Industries,Corporate,Energy,UK,BBB,4,1.5,2.55,0.0818,11.21,,,0.049,0.0535,1.3,184.58,Senior Secured,Physical Plant,0,0.629
CORP_445,Quantum Telecom,Corporate,Utilities,UK,BBB,4,1.76,3.3,0.1635,106.62,,,0.0416,0.0481,8.5,14.27,Senior Unsecured,Unsecured,0,0.403
CORP_446,Titan Infrastructure,Corporate,Energy,UK,AAA,1,0.21,13.53,0.2989,15.24,,,0.0204,0.0274,5.9,13.81,Senior Unsecured,Unsecured,0,0.5266
CORP_447,Titan Pharmaceuticals,Corporate,Technology,Brazil,BBB,4,2.48,4.43,0.2448,51.84,,,0.0614,0.065,8.4,26.42,Senior Unsecured,Unsecured,0,0.3851
CORP_448,Summit Telecom,Corporate,Finance,India,BB,5,1.82,2.79,0.1863,31.9,,,0.0665,0.0707,4.6,80.67,Senior Unsecured,Unsecured,0,0.3983
CORP_449,Aero Industries,Corporate,Technology,India,BBB,4,2.76,3.88,0.1877,23.26,,,0.0423,0.045,6.7,43.38,Senior Secured,Real Estate,0,0.7006
CORP_450,United Ventures,Corporate,Technology,Germany,BBB,4,1.02,6.14,0.0217,40.12,,,0.0518,0.0573,2.5,15.68,Senior Unsecured,Unsecured,0,0.3735
CORP_451,Global Utilities,Corporate,Utilities,UK,BBB,4,2.66,5.04,0.1777,78.15,,,0.0441,0.0484,5.2,25.35,Senior Secured,Real Estate,0,0.7551
CORP_452,Pacific Infrastructure,Corporate,Utilities,India,A,3,0.91,8.37,0.3448,147.68,,,0.0304,0.0367,2.9,15.23,Senior Unsecured,Unsecured,0,0.4559
CORP_453,Apex Services,Corporate,Telecom,US,BBB,4,1.68,5.65,0.2428,64.31,,,0.0411,0.0476,3.6,80.03,Senior Secured,Real Estate,0,0.8041
CORP_454,Synergy Utilities,Corporate,Telecom,UK,BBB,4,2.69,3.32,0.2553,20.23,,,0.0472,0.0553,6.6,75.28,Senior Unsecured,Unsecured,0,0.3915
CORP_455,Vanguard Utilities,Corporate,Utilities,South Africa,A,3,0.61,9.13,0.3079,78.91,,,0.0371,0.0431,3.4,39.33,Senior Secured,Financial Collateral,0,0.9043
CORP_456,Dynamic Energy,Corporate,Finance,US,AA,2,0.48,9.75,0.3525,64.72,,,0.0228,0.0304,4.0,31.91,Senior Unsecured,Unsecured,0,0.2733
CORP_457,Dynamic Infrastructure,Corporate,Telecom,India,A,3,0.79,7.85,0.2383,41.64,,,0.0333,0.0386,4.0,49.77,Senior Unsecured,Unsecured,0,0.2612
CORP_458,Beacon Ventures,Corporate,Technology,UK,AA,2,0.66,11.91,0.3363,179.98,,,0.0268,0.0319,5.8,28.51,Senior Unsecured,Unsecured,0,0.293
CORP_459,Quantum Telecom,Corporate,Utilities,Brazil,B,6,3.73,1.56,0.0901,18.11,,,0.0862,0.0919,8.1,34.62,Senior Secured,Financial Collateral,0,0.8348
CORP_460,Helix Holdings,Corporate,Technology,UK,CCC/C,7,4.75,-0.67,-0.0744,36.28,,,0.1334,0.14,6.1,112.83,Senior Secured,Real Estate,1,0.7425
CORP_461,Alpha Pharmaceuticals,Corporate,Telecom,UK,BBB,4,1.62,3.72,0.149,84.73,,,0.0531,0.0567,4.3,64.57,Senior Secured,Physical Plant,0,0.5081
CORP_462,Helix Utilities,Corporate,Utilities,UK,BB,5,2.85,1.02,0.0613,500.0,,,0.074,0.0789,9.4,31.73,Subordinated,Unsecured,0,0.1548
CORP_463,Crest Pharmaceuticals,Corporate,Utilities,Brazil,B,6,3.44,1.88,-0.0654,67.31,,,0.0838,0.0864,1.2,48.61,Senior Secured,Real Estate,0,0.704
CORP_464,Core Resources,Corporate,Telecom,India,BBB,4,2.52,5.5,0.1823,23.97,,,0.0462,0.0542,9.5,81.86,Senior Unsecured,Financial Collateral,0,0.8463
CORP_465,Vertex Industries,Corporate,Finance,UK,BBB,4,1.2,2.95,0.2491,88.22,,,0.0466,0.0531,6.0,17.23,Senior Unsecured,Unsecured,0,0.3734
CORP_466,Delta Telecom,Corporate,Telecom,India,AA,2,0.33,9.44,0.4448,16.84,,,0.0233,0.0317,7.2,106.97,Senior Secured,Real Estate,0,0.68
CORP_467,Crest Pharmaceuticals,Corporate,Finance,Brazil,BBB,4,1.44,5.41,0.2039,73.92,,,0.0508,0.0544,1.2,13.15,Senior Unsecured,Unsecured,0,0.514
CORP_468,Quantum Infrastructure,Corporate,Telecom,UK,BB,5,2.02,2.87,0.0254,89.6,,,0.0692,0.0754,8.2,61.01,Senior Unsecured,Unsecured,0,0.4241
CORP_469,Pacific Logistics,Corporate,Telecom,Brazil,BB,5,3.82,4.08,0.0651,136.27,,,0.0602,0.0666,1.4,22.92,Senior Secured,Financial Collateral,0,0.8303
CORP_470,Alpha Infrastructure,Corporate,Energy,UK,AAA,1,0.2,14.35,0.4592,39.99,,,0.0231,0.0289,5.5,48.1,Senior Secured,Financial Collateral,0,0.8201
CORP_471,Helix Logistics,Corporate,Finance,India,BB,5,3.94,1.84,0.2174,96.96,,,0.0721,0.0764,5.2,34.39,Senior Unsecured,Unsecured,0,0.4566
CORP_472,Vertex Services,Corporate,Utilities,UK,B,6,4.56,1.69,0.0472,36.0,,,0.0952,0.1011,1.4,39.74,Senior Secured,Real Estate,0,0.8194
CORP_473,Summit Infrastructure,Corporate,Technology,US,BB,5,2.37,1.45,0.2038,5.0,,,0.0635,0.0715,8.1,17.31,Senior Secured,Financial Collateral,0,0.8608
CORP_474,Dynamic Technologies,Corporate,Utilities,UK,A,3,0.79,6.09,0.1388,342.16,,,0.0286,0.0337,7.0,24.47,Senior Unsecured,Financial Collateral,0,0.8761
CORP_475,Vertex Energy,Corporate,Telecom,South Africa,B,6,3.17,1.62,0.0598,30.12,,,0.0833,0.0866,8.3,11.05,Senior Unsecured,Unsecured,0,0.3162
CORP_476,Synergy Holdings,Corporate,Telecom,India,AA,2,0.5,9.86,0.4087,128.99,,,0.0204,0.0244,7.7,23.32,Senior Unsecured,Financial Collateral,0,0.7579
CORP_477,Nordic Resources,Corporate,Utilities,Germany,CCC/C,7,3.97,-1.09,-0.0194,16.15,,,0.118,0.1229,6.8,9.89,Senior Secured,Financial Collateral,1,0.8263
CORP_478,Vertex Enterprises,Corporate,Technology,South Africa,CCC/C,7,3.67,-1.69,-0.0067,44.34,,,0.1268,0.1334,9.3,41.8,Senior Secured,Physical Plant,1,0.6306
CORP_479,United Resources,Corporate,Technology,South Africa,BB,5,3.23,-1.86,0.0624,23.81,,,0.0587,0.0633,8.9,23.47,Senior Unsecured,Unsecured,1,0.4197
CORP_480,United Services,Corporate,Finance,US,BBB,4,1.57,4.46,0.2308,35.31,,,0.046,0.0524,4.0,14.7,Senior Secured,Physical Plant,0,0.5823
CORP_481,Nova Pharmaceuticals,Corporate,Telecom,Germany,BBB,4,1.51,5.2,0.2417,20.39,,,0.053,0.0602,3.9,32.81,Senior Unsecured,Unsecured,0,0.464
CORP_482,Pacific Holdings,Corporate,Energy,UK,AAA,1,0.43,11.56,0.4858,250.41,,,0.0272,0.0327,5.9,18.01,Subordinated,Unsecured,0,0.1299
CORP_483,Vertex Industries,Corporate,Finance,India,AA,2,0.54,11.58,0.4326,35.02,,,0.0272,0.033,2.0,22.18,Senior Secured,Physical Plant,0,0.585
CORP_484,Alpha Utilities,Corporate,Utilities,India,BBB,4,1.8,4.38,0.2825,114.79,,,0.0457,0.0503,5.4,15.6,Subordinated,Unsecured,0,0.1186
CORP_485,Nordic Technologies,Corporate,Utilities,UK,AA,2,0.39,10.78,0.3095,50.14,,,0.0295,0.0329,9.0,29.89,Senior Unsecured,Financial Collateral,0,0.7898
CORP_486,Pacific Energy,Corporate,Utilities,Brazil,AAA,1,0.37,11.71,0.4238,317.86,,,0.01,0.0158,5.7,16.35,Senior Unsecured,Financial Collateral,0,0.9225
CORP_487,Vertex Telecom,Corporate,Utilities,US,BBB,4,1.45,2.95,0.1351,9.82,,,0.0524,0.0577,4.6,206.94,Senior Secured,Physical Plant,0,0.6142
CORP_488,Apex Energy,Corporate,Energy,Brazil,BB,5,2.25,3.87,0.083,12.13,,,0.057,0.0616,9.1,48.16,Senior Unsecured,Unsecured,0,0.4028
CORP_489,Dynamic Infrastructure,Corporate,Energy,Germany,A,3,1.24,3.63,0.2639,500.0,,,0.0373,0.0419,6.3,140.71,Senior Unsecured,Financial Collateral,0,0.8075
CORP_490,Global Technologies,Corporate,Technology,India,BBB,4,1.51,5.79,0.1984,111.99,,,0.0504,0.0534,1.2,373.92,Senior Secured,Real Estate,0,0.7981
CORP_491,Helix Ventures,Corporate,Technology,Brazil,A,3,1.34,5.64,0.4248,21.72,,,0.0394,0.0413,5.7,14.27,Senior Secured,Financial Collateral,0,0.7566
CORP_492,Aero Holdings,Corporate,Finance,India,B,6,4.2,2.06,0.097,17.77,,,0.0991,0.1042,8.5,59.79,Senior Secured,Real Estate,0,0.7781
CORP_493,Nova Telecom,Corporate,Finance,US,BBB,4,2.09,5.91,0.3206,184.42,,,0.0511,0.0539,4.8,46.96,Senior Unsecured,Financial Collateral,0,0.8334
CORP_494,Quantum Ventures,Corporate,Energy,US,AA,2,0.33,9.12,0.31,27.52,,,0.0289,0.0321,1.3,104.16,Senior Unsecured,Financial Collateral,0,0.8746
CORP_495,Vertex Logistics,Corporate,Technology,South Africa,BB,5,1.92,1.32,0.2347,30.16,,,0.0728,0.0768,2.0,21.39,Senior Secured,Financial Collateral,0,0.8805
CORP_496,Pacific Services,Corporate,Telecom,South Africa,BBB,4,1.39,4.48,0.3477,82.46,,,0.0442,0.0485,3.5,20.56,Senior Unsecured,Unsecured,0,0.4971
CORP_497,Helix Resources,Corporate,Telecom,UK,BBB,4,1.71,3.55,0.2346,29.29,,,0.0378,0.0402,2.2,14.75,Senior Unsecured,Unsecured,0,0.4016
CORP_498,Vertex Group,Corporate,Energy,South Africa,BBB,4,1.49,6.23,0.18,43.67,,,0.0535,0.0579,4.1,99.02,Senior Unsecured,Unsecured,0,0.4768
CORP_499,Apex Group,Corporate,Telecom,South Africa,A,3,0.85,5.41,0.3348,6.06,,,0.0364,0.0437,1.6,59.8,Senior Secured,Real Estate,0,0.8175
CORP_500,Beacon Telecom,Corporate,Finance,India,BB,5,2.95,1.69,0.1356,102.7,,,0.0621,0.067,9.3,23.85,Senior Unsecured,Unsecured,0,0.3976
CORP_501,Pacific Energy,Corporate,Finance,South Africa,BBB,4,2.24,4.54,0.2257,163.46,,,0.0558,0.0569,6.8,59.05,Senior Secured,Financial Collateral,0,0.8406
CORP_502,Titan Pharmaceuticals,Corporate,Utilities,Germany,AA,2,0.38,7.77,0.3829,15.12,,,0.0225,0.0274,3.9,56.03,Senior Unsecured,Unsecured,0,0.477
CORP_503,Nordic Enterprises,Corporate,Energy,Germany,CCC/C,7,4.48,-0.51,-0.0832,25.91,,,0.1162,0.1215,9.5,62.0,Senior Unsecured,Unsecured,1,0.3813
CORP_504,Quantum Enterprises,Corporate,Telecom,Brazil,BBB,4,1.79,4.99,0.3795,5.0,,,0.0469,0.0544,6.1,22.42,Senior Unsecured,Unsecured,0,0.4026
CORP_505,Beacon Pharmaceuticals,Corporate,Technology,South Africa,CCC/C,7,3.41,-1.3,-0.0099,22.47,,,0.128,0.1355,1.8,28.81,Senior Secured,Financial Collateral,1,0.8846
CORP_506,Apex Enterprises,Corporate,Telecom,Germany,BB,5,1.73,3.03,-0.0327,129.53,,,0.0706,0.0729,8.7,81.08,Senior Secured,Financial Collateral,0,0.863
CORP_507,Beacon Logistics,Corporate,Technology,South Africa,BBB,4,2.59,5.3,0.0772,285.26,,,0.0443,0.0482,7.2,104.27,Senior Secured,Real Estate,0,0.8135
CORP_508,Nova Pharmaceuticals,Corporate,Utilities,Brazil,BBB,4,1.84,4.27,0.2274,208.06,,,0.0441,0.0478,4.1,7.81,Senior Unsecured,Unsecured,0,0.3828
CORP_509,United Utilities,Corporate,Energy,India,AAA,1,0.37,10.37,0.4154,188.42,,,0.01,0.0166,2.5,45.08,Subordinated,Unsecured,0,0.1268
CORP_510,Helix Industries,Corporate,Technology,India,AA,2,0.58,12.0,0.2226,127.96,,,0.0301,0.0364,2.0,16.49,Subordinated,Unsecured,0,0.154
CORP_511,Summit Enterprises,Corporate,Telecom,UK,A,3,0.99,4.66,0.2814,39.55,,,0.0417,0.0429,7.3,29.57,Senior Unsecured,Unsecured,0,0.3132
CORP_512,Nordic Pharmaceuticals,Corporate,Energy,UK,A,3,1.03,6.75,0.1989,171.08,,,0.0381,0.0434,8.3,70.42,Senior Secured,Physical Plant,0,0.6713
CORP_513,Vertex Infrastructure,Corporate,Technology,UK,A,3,0.7,7.05,0.3585,95.73,,,0.036,0.0446,1.4,40.24,Senior Unsecured,Unsecured,0,0.4294
CORP_514,Dynamic Pharmaceuticals,Corporate,Telecom,India,BBB,4,1.74,5.11,0.1906,38.5,,,0.0529,0.0584,2.1,69.86,Senior Unsecured,Unsecured,0,0.3918
CORP_515,Summit Ventures,Corporate,Utilities,UK,A,3,1.04,6.7,0.2556,234.33,,,0.0263,0.0312,7.3,21.35,Senior Secured,Financial Collateral,0,0.8787
CORP_516,Vertex Energy,Corporate,Utilities,Brazil,A,3,0.64,4.11,0.3053,105.78,,,0.0436,0.0501,9.5,42.07,Senior Unsecured,Unsecured,0,0.269
CORP_517,Aero Infrastructure,Corporate,Energy,UK,BB,5,2.98,1.94,0.3103,139.16,,,0.0594,0.0681,5.6,21.63,Senior Unsecured,Unsecured,0,0.4435
CORP_518,Vertex Infrastructure,Corporate,Telecom,UK,A,3,0.68,5.84,0.2035,68.94,,,0.034,0.04,3.0,8.31,Senior Unsecured,Unsecured,0,0.3978
CORP_519,Nordic Group,Corporate,Telecom,Brazil,BB,5,3.66,4.67,0.3001,189.05,,,0.063,0.0672,7.0,42.04,Senior Secured,Real Estate,1,0.7489
CORP_520,Dynamic Utilities,Corporate,Finance,Brazil,BB,5,1.81,2.06,0.1318,215.35,,,0.0651,0.0677,4.7,35.99,Senior Unsecured,Unsecured,0,0.4856
CORP_521,Helix Energy,Corporate,Finance,South Africa,B,6,3.5,0.7,0.0847,8.07,,,0.0944,0.1042,3.4,72.19,Senior Secured,Financial Collateral,0,0.841
CORP_522,Apex Utilities,Corporate,Finance,Germany,BBB,4,1.57,4.47,0.1993,23.26,,,0.0426,0.0501,7.3,82.73,Senior Unsecured,Financial Collateral,0,0.8919
CORP_523,Quantum Logistics,Corporate,Telecom,South Africa,A,3,0.93,6.37,0.214,20.81,,,0.0314,0.0387,3.2,52.03,Senior Secured,Financial Collateral,0,0.8261
CORP_524,Apex Pharmaceuticals,Corporate,Technology,Germany,A,3,0.75,6.32,0.1994,19.64,,,0.0454,0.051,4.4,16.66,Senior Secured,Financial Collateral,0,0.8997
CORP_525,Summit Services,Corporate,Finance,South Africa,BB,5,2.89,3.72,0.0643,500.0,,,0.0711,0.0772,9.7,252.36,Senior Unsecured,Unsecured,0,0.3123
CORP_526,Summit Holdings,Corporate,Utilities,Brazil,AA,2,0.5,7.39,0.3514,201.34,,,0.022,0.0278,3.3,19.31,Senior Secured,Real Estate,0,0.7808
CORP_527,Titan Industries,Corporate,Technology,UK,BBB,4,2.3,2.59,0.1299,118.47,,,0.0494,0.0561,4.9,19.06,Senior Secured,Physical Plant,0,0.6531
CORP_528,Nova Industries,Corporate,Utilities,Germany,BBB,4,1.16,3.74,0.2167,63.6,,,0.046,0.0472,7.1,91.78,Senior Unsecured,Unsecured,1,0.4117
CORP_529,Nordic Industries,Corporate,Technology,India,A,3,1.26,3.92,0.3306,35.21,,,0.0402,0.0432,5.6,13.01,Senior Unsecured,Unsecured,0,0.4265
CORP_530,Summit Logistics,Corporate,Finance,Brazil,BBB,4,2.26,4.71,0.2305,235.07,,,0.0448,0.051,1.5,67.24,Senior Unsecured,Financial Collateral,0,0.8077
CORP_531,Beacon Energy,Corporate,Utilities,US,BBB,4,1.87,1.14,0.1779,10.9,,,0.0512,0.0563,10.0,65.43,Senior Secured,Real Estate,0,0.6953
CORP_532,Beacon Utilities,Corporate,Utilities,UK,A,3,0.84,6.15,0.2903,33.17,,,0.0363,0.0402,1.5,30.9,Subordinated,Unsecured,0,0.1324
CORP_533,Global Enterprises,Corporate,Telecom,India,A,3,0.62,9.12,0.2255,65.7,,,0.0367,0.0414,4.2,52.67,Senior Unsecured,Unsecured,0,0.2727
CORP_534,Nova Enterprises,Corporate,Energy,South Africa,AA,2,0.69,13.06,0.3718,73.7,,,0.0225,0.0241,4.2,41.52,Senior Unsecured,Unsecured,0,0.3579
CORP_535,Crest Pharmaceuticals,Corporate,Energy,India,BBB,4,1.03,1.18,0.2703,22.43,,,0.0432,0.0501,8.5,87.42,Senior Secured,Real Estate,0,0.6941
CORP_536,Titan Logistics,Corporate,Utilities,US,A,3,1.11,4.73,0.2818,6.15,,,0.0344,0.0386,2.6,23.16,Senior Unsecured,Unsecured,0,0.57
CORP_537,Core Logistics,Corporate,Utilities,UK,B,6,3.83,1.36,-0.0025,68.4,,,0.0945,0.0984,3.0,61.59,Senior Secured,Real Estate,0,0.6734
CORP_538,United Ventures,Corporate,Utilities,South Africa,AA,2,0.64,9.85,0.3351,108.13,,,0.0236,0.0309,5.0,95.97,Senior Secured,Financial Collateral,0,0.8747
CORP_539,Delta Group,Corporate,Finance,Brazil,A,3,0.87,6.25,0.1762,6.59,,,0.03,0.0375,3.8,11.97,Senior Unsecured,Unsecured,0,0.468
CORP_540,Synergy Resources,Corporate,Technology,Brazil,BBB,4,1.09,2.77,0.2684,78.15,,,0.0546,0.0595,4.6,31.28,Senior Secured,Financial Collateral,0,0.829
CORP_541,Alpha Energy,Corporate,Energy,South Africa,A,3,0.68,7.23,0.239,97.8,,,0.0263,0.0291,8.1,14.68,Senior Unsecured,Unsecured,0,0.4024
CORP_542,Quantum Enterprises,Corporate,Energy,India,A,3,0.78,4.86,0.3751,116.93,,,0.0349,0.0426,2.8,71.35,Senior Secured,Physical Plant,0,0.6846
CORP_543,Aero Technologies,Corporate,Technology,India,BBB,4,1.65,4.84,0.18,15.76,,,0.0471,0.0508,7.7,9.94,Senior Unsecured,Financial Collateral,0,0.8079
CORP_544,United Resources,Corporate,Utilities,India,BBB,4,1.82,4.12,0.2687,31.62,,,0.0489,0.0554,8.2,21.81,Senior Unsecured,Unsecured,0,0.445
CORP_545,Global Logistics,Corporate,Utilities,US,CCC/C,7,5.0,-2.0,-0.0006,60.93,,,0.1295,0.1341,9.3,65.74,Subordinated,Unsecured,0,0.1376
CORP_546,Summit Logistics,Corporate,Technology,UK,BB,5,3.51,-0.32,0.2483,10.04,,,0.0718,0.073,5.6,83.0,Senior Unsecured,Unsecured,0,0.5072
CORP_547,Vertex Enterprises,Corporate,Utilities,Brazil,A,3,0.81,7.01,0.3556,34.53,,,0.0256,0.0347,3.6,17.39,Senior Unsecured,Financial Collateral,0,0.7896
CORP_548,United Technologies,Corporate,Telecom,UK,BBB,4,1.93,3.24,0.3098,69.16,,,0.0446,0.051,7.4,22.13,Senior Secured,Real Estate,0,0.817
CORP_549,Alpha Resources,Corporate,Telecom,South Africa,A,3,0.81,7.94,0.2713,12.78,,,0.0275,0.0325,3.4,53.6,Senior Unsecured,Unsecured,0,0.3356
CORP_550,Pacific Resources,Corporate,Telecom,UK,A,3,1.52,9.29,0.27,20.32,,,0.0386,0.0426,3.8,28.65,Senior Unsecured,Unsecured,0,0.4949
CORP_551,Apex Enterprises,Corporate,Finance,Brazil,BB,5,1.96,3.53,0.2011,115.15,,,0.064,0.0701,2.0,123.48,Senior Secured,Real Estate,0,0.7471
CORP_552,Aero Industries,Corporate,Technology,US,B,6,5.0,2.08,0.1365,36.83,,,0.0891,0.0907,8.4,18.3,Senior Unsecured,Unsecured,0,0.3529
CORP_553,Quantum Group,Corporate,Finance,India,BBB,4,1.57,3.69,0.2995,229.71,,,0.0484,0.0532,6.3,34.6,Senior Unsecured,Financial Collateral,0,0.8275
CORP_554,Pacific Energy,Corporate,Finance,US,BB,5,2.38,1.78,0.1713,394.79,,,0.0684,0.0751,6.6,35.62,Senior Secured,Physical Plant,0,0.6254
CORP_555,Alpha Logistics,Corporate,Finance,US,BBB,4,1.13,2.55,0.3051,122.44,,,0.0429,0.0491,5.4,31.76,Senior Unsecured,Unsecured,0,0.5167
CORP_556,Dynamic Group,Corporate,Finance,US,BBB,4,1.78,3.75,0.132,43.77,,,0.0541,0.0584,7.1,55.62,Senior Secured,Financial Collateral,0,0.8713
CORP_557,Delta Telecom,Corporate,Energy,India,BBB,4,1.58,6.15,0.1252,38.49,,,0.0396,0.0421,6.0,68.35,Senior Secured,Real Estate,0,0.8298
CORP_558,Titan Ventures,Corporate,Energy,UK,BBB,4,1.18,4.94,0.1979,10.73,,,0.0551,0.0592,7.6,95.32,Senior Unsecured,Financial Collateral,0,0.8616
CORP_559,Helix Services,Corporate,Energy,Brazil,A,3,0.63,7.4,0.3305,129.17,,,0.0278,0.0336,8.8,22.68,Senior Unsecured,Unsecured,0,0.5229
CORP_560,Summit Energy,Corporate,Energy,US,AAA,1,0.35,11.59,0.4174,26.3,,,0.0235,0.0284,2.1,9.12,Subordinated,Unsecured,0,0.125
CORP_561,Apex Ventures,Corporate,Energy,US,BB,5,2.46,1.72,0.1145,22.46,,,0.0689,0.0747,7.7,15.72,Senior Secured,Real Estate,0,0.6987
CORP_562,Global Telecom,Corporate,Energy,Germany,A,3,0.76,6.23,0.3819,27.15,,,0.0388,0.0462,3.1,118.72,Senior Unsecured,Unsecured,0,0.5522
CORP_563,United Technologies,Corporate,Energy,India,A,3,1.09,4.17,0.3323,96.67,,,0.0233,0.027,4.5,16.55,Senior Unsecured,Unsecured,0,0.4231
CORP_564,Beacon Energy,Corporate,Utilities,South Africa,BBB,4,1.39,4.15,0.248,67.09,,,0.0526,0.0575,8.5,50.35,Senior Unsecured,Unsecured,0,0.3384
CORP_565,Nordic Technologies,Corporate,Telecom,South Africa,BB,5,2.48,2.88,0.1065,105.4,,,0.0689,0.0771,5.4,37.69,Senior Unsecured,Unsecured,0,0.3722
CORP_566,Quantum Enterprises,Corporate,Energy,UK,BBB,4,1.66,5.49,0.1156,157.77,,,0.0413,0.047,3.4,50.06,Senior Unsecured,Financial Collateral,0,0.8502
CORP_567,Helix Infrastructure,Corporate,Telecom,US,BB,5,2.64,3.86,0.1927,13.66,,,0.0599,0.0647,4.3,36.56,Subordinated,Unsecured,0,0.141
CORP_568,Helix Logistics,Corporate,Telecom,Brazil,BBB,4,0.81,2.73,0.2119,277.69,,,0.0424,0.0457,1.3,11.03,Senior Secured,Financial Collateral,0,0.8678
CORP_569,United Utilities,Corporate,Energy,Germany,BB,5,1.83,3.67,0.0984,14.95,,,0.0718,0.081,6.9,23.19,Senior Unsecured,Unsecured,0,0.3997
CORP_570,Helix Enterprises,Corporate,Technology,Brazil,A,3,1.0,6.98,0.2733,95.48,,,0.0305,0.0334,3.4,228.4,Senior Unsecured,Unsecured,0,0.4566
CORP_571,Synergy Holdings,Corporate,Finance,US,BBB,4,1.37,7.77,0.0606,94.47,,,0.0483,0.0528,3.3,90.15,Subordinated,Unsecured,0,0.1904
CORP_572,Global Industries,Corporate,Utilities,India,AA,2,0.4,12.92,0.3355,52.23,,,0.0199,0.0245,5.4,85.29,Senior Unsecured,Unsecured,0,0.4341
CORP_573,United Holdings,Corporate,Telecom,Brazil,A,3,0.88,8.82,0.2726,16.07,,,0.0179,0.0192,5.8,19.31,Senior Unsecured,Unsecured,0,0.2923
CORP_574,Delta Technologies,Corporate,Finance,Germany,A,3,0.57,5.57,0.0289,52.32,,,0.0293,0.0344,5.6,19.97,Senior Secured,Financial Collateral,0,0.8271
CORP_575,Core Holdings,Corporate,Energy,Germany,BBB,4,1.06,4.88,0.1747,125.82,,,0.0478,0.0523,2.7,35.49,Senior Unsecured,Unsecured,0,0.3667
CORP_576,Synergy Logistics,Corporate,Telecom,India,BBB,4,1.96,3.05,0.0933,94.41,,,0.0468,0.0541,9.7,69.94,Senior Unsecured,Unsecured,0,0.5067
CORP_577,Beacon Holdings,Corporate,Energy,South Africa,B,6,4.36,2.71,0.0848,8.79,,,0.0914,0.0951,7.5,35.97,Senior Unsecured,Unsecured,0,0.371
CORP_578,Vertex Utilities,Corporate,Finance,India,A,3,0.88,8.7,0.3087,227.82,,,0.0315,0.0388,8.5,46.42,Senior Secured,Financial Collateral,0,0.781
CORP_579,Summit Telecom,Corporate,Technology,Brazil,BB,5,2.47,2.93,0.1382,106.98,,,0.0669,0.0714,2.7,20.1,Senior Secured,Financial Collateral,0,0.8152
CORP_580,Titan Holdings,Corporate,Finance,Germany,B,6,5.0,0.05,0.156,101.9,,,0.0899,0.0985,1.4,22.12,Senior Unsecured,Unsecured,0,0.4086
CORP_581,Dynamic Group,Corporate,Technology,UK,BB,5,2.08,1.96,0.0389,84.21,,,0.0638,0.0689,3.8,30.25,Subordinated,Unsecured,0,0.2512
CORP_582,Summit Group,Corporate,Utilities,Germany,A,3,0.95,6.37,0.1453,30.18,,,0.038,0.0427,4.8,18.31,Senior Unsecured,Unsecured,0,0.4084
CORP_583,Quantum Enterprises,Corporate,Technology,South Africa,A,3,0.8,4.78,0.2759,12.34,,,0.0369,0.0433,6.2,43.22,Senior Secured,Financial Collateral,0,0.8276
CORP_584,Summit Ventures,Corporate,Finance,South Africa,BBB,4,2.2,4.24,0.4567,26.69,,,0.0448,0.048,7.9,7.25,Senior Unsecured,Unsecured,0,0.3744
CORP_585,Summit Utilities,Corporate,Utilities,Germany,BB,5,2.31,3.88,0.248,276.63,,,0.0688,0.0733,5.5,37.9,Senior Unsecured,Unsecured,0,0.3994
CORP_586,Helix Ventures,Corporate,Energy,US,BB,5,2.13,5.07,0.0981,77.0,,,0.0682,0.0697,3.2,106.05,Senior Unsecured,Financial Collateral,0,0.8495
CORP_587,Helix Telecom,Corporate,Technology,US,B,6,2.61,3.23,-0.0449,310.83,,,0.0914,0.0989,1.4,42.33,Senior Unsecured,Financial Collateral,0,0.8416
CORP_588,Nordic Resources,Corporate,Finance,Brazil,BBB,4,1.22,3.95,0.2436,500.0,,,0.0472,0.0487,7.7,20.67,Senior Secured,Financial Collateral,0,0.8125
CORP_589,Nordic Logistics,Corporate,Finance,Brazil,BB,5,2.18,4.4,0.0307,48.62,,,0.0575,0.0648,2.4,17.05,Senior Unsecured,Financial Collateral,0,0.8155
CORP_590,Crest Ventures,Corporate,Utilities,India,BB,5,1.92,0.71,0.0653,38.49,,,0.059,0.0646,4.8,25.59,Senior Secured,Financial Collateral,0,0.8487
CORP_591,Dynamic Resources,Corporate,Technology,Germany,BBB,4,2.12,4.84,0.1741,78.5,,,0.0454,0.0538,3.7,34.49,Senior Secured,Real Estate,0,0.7111
CORP_592,Titan Logistics,Corporate,Technology,Germany,AA,2,0.55,10.63,0.2589,66.76,,,0.0329,0.0394,3.7,133.84,Senior Unsecured,Unsecured,0,0.4051
CORP_593,Nordic Energy,Corporate,Technology,US,A,3,0.83,9.06,0.3445,5.0,,,0.03,0.0369,2.1,7.57,Senior Unsecured,Unsecured,0,0.4496
CORP_594,Vanguard Ventures,Corporate,Finance,India,BBB,4,2.62,5.07,0.185,168.51,,,0.0553,0.0593,6.2,38.79,Senior Unsecured,Unsecured,0,0.3527
CORP_595,Pacific Ventures,Corporate,Finance,Germany,AA,2,0.44,8.63,0.441,16.61,,,0.0245,0.0342,2.9,67.13,Senior Unsecured,Unsecured,0,0.2237
CORP_596,Nordic Ventures,Corporate,Utilities,South Africa,BB,5,2.5,1.83,0.1245,52.95,,,0.0639,0.0712,9.4,143.26,Senior Unsecured,Unsecured,0,0.4979
CORP_597,Quantum Infrastructure,Corporate,Finance,South Africa,BB,5,2.09,1.33,0.1871,46.38,,,0.0588,0.0636,3.9,48.99,Senior Unsecured,Unsecured,0,0.3755
CORP_598,Vanguard Holdings,Corporate,Telecom,Germany,A,3,1.03,5.53,0.2876,31.11,,,0.0288,0.0314,9.3,51.72,Senior Secured,Real Estate,0,0.7448
CORP_599,Dynamic Energy,Corporate,Utilities,US,A,3,0.96,3.34,0.2653,48.84,,,0.0282,0.0313,6.5,77.45,Senior Unsecured,Unsecured,0,0.4361
CORP_600,Quantum Logistics,Corporate,Telecom,UK,A,3,0.88,7.83,0.3449,136.94,,,0.0375,0.0392,9.0,60.13,Senior Secured,Real Estate,0,0.7477
CORP_601,Helix Telecom,Corporate,Energy,Germany,BBB,4,1.7,6.25,0.25,50.66,,,0.0548,0.055,5.0,13.88,Senior Secured,Physical Plant,0,0.8033
CORP_602,United Infrastructure,Corporate,Technology,UK,A,3,0.78,7.44,0.2748,65.84,,,0.0323,0.0362,1.1,50.08,Senior Unsecured,Unsecured,0,0.426
CORP_603,Vanguard Infrastructure,Corporate,Telecom,South Africa,B,6,3.58,-0.47,0.0941,38.8,,,0.0932,0.0971,8.9,21.81,Senior Secured,Real Estate,0,0.7737
CORP_604,Beacon Group,Corporate,Telecom,Germany,BBB,4,2.67,5.22,0.2114,22.11,,,0.0493,0.0541,7.9,17.23,Senior Secured,Real Estate,0,0.7125
CORP_605,Aero Pharmaceuticals,Corporate,Telecom,Brazil,BB,5,2.09,4.58,0.06,6.91,,,0.0673,0.0701,4.3,49.61,Senior Unsecured,Unsecured,0,0.4479
CORP_606,Titan Utilities,Corporate,Utilities,US,A,3,1.01,6.13,0.2922,12.72,,,0.0461,0.0484,8.9,31.19,Senior Secured,Financial Collateral,0,0.8933
CORP_607,Alpha Utilities,Corporate,Telecom,US,BB,5,2.23,2.2,0.0522,24.95,,,0.0608,0.0665,9.5,122.2,Senior Secured,Physical Plant,0,0.598
CORP_608,Dynamic Services,Corporate,Finance,India,BBB,4,0.98,4.4,0.0405,49.16,,,0.055,0.0577,6.7,46.0,Subordinated,Unsecured,0,0.1385
CORP_609,Vanguard Services,Corporate,Telecom,Germany,BBB,4,1.85,2.93,0.2792,234.11,,,0.0516,0.0516,9.5,137.55,Senior Secured,Real Estate,0,0.8119
CORP_610,Apex Technologies,Corporate,Finance,India,A,3,0.65,5.85,0.1982,89.72,,,0.0398,0.0467,7.0,28.43,Senior Secured,Physical Plant,0,0.5174
CORP_611,Nordic Telecom,Corporate,Utilities,India,BB,5,1.76,2.41,0.0947,24.96,,,0.0652,0.0669,9.7,74.42,Senior Unsecured,Unsecured,0,0.4145
CORP_612,Aero Pharmaceuticals,Corporate,Technology,Germany,BBB,4,2.15,6.28,0.2927,58.7,,,0.0474,0.0505,3.6,42.77,Senior Unsecured,Unsecured,0,0.3699
CORP_613,Beacon Ventures,Corporate,Technology,US,BBB,4,1.41,5.28,0.2459,18.81,,,0.0475,0.0549,7.5,69.77,Senior Secured,Physical Plant,0,0.6704
CORP_614,Quantum Utilities,Corporate,Telecom,Germany,BBB,4,0.94,6.37,0.2345,15.66,,,0.0516,0.0591,3.1,16.85,Senior Secured,Financial Collateral,0,0.8848
CORP_615,Nova Ventures,Corporate,Technology,US,AA,2,0.45,9.53,0.3621,8.36,,,0.0318,0.0376,6.9,11.23,Senior Unsecured,Unsecured,0,0.5402
CORP_616,Titan Group,Corporate,Utilities,India,BBB,4,1.69,4.25,0.199,22.56,,,0.0405,0.047,7.5,9.08,Senior Secured,Financial Collateral,0,0.8866
CORP_617,Apex Group,Corporate,Energy,US,BBB,4,1.18,3.69,0.1715,259.74,,,0.0482,0.0529,7.0,14.37,Senior Secured,Financial Collateral,0,0.8033
CORP_618,Apex Pharmaceuticals,Corporate,Utilities,Germany,A,3,0.98,4.51,0.2548,18.93,,,0.0374,0.0444,4.6,50.22,Subordinated,Unsecured,0,0.1639
CORP_619,Crest Enterprises,Corporate,Finance,UK,AA,2,0.35,7.37,0.3223,124.07,,,0.0199,0.0266,7.8,8.38,Senior Unsecured,Unsecured,0,0.4437
CORP_620,Pacific Holdings,Corporate,Telecom,Germany,BBB,4,1.57,6.29,0.1726,147.89,,,0.049,0.0549,3.3,97.07,Senior Secured,Financial Collateral,0,0.949
CORP_621,Titan Pharmaceuticals,Corporate,Utilities,Germany,BBB,4,1.81,3.99,0.1397,5.77,,,0.0483,0.0556,2.7,22.66,Senior Unsecured,Unsecured,0,0.4168
CORP_622,Dynamic Telecom,Corporate,Technology,South Africa,BBB,4,1.13,4.43,0.1964,46.15,,,0.0519,0.0541,5.8,27.08,Senior Secured,Physical Plant,0,0.6413
CORP_623,Vertex Logistics,Corporate,Technology,South Africa,BBB,4,1.76,3.18,0.2871,11.14,,,0.0528,0.0595,1.8,43.7,Senior Secured,Real Estate,0,0.7692
CORP_624,Summit Technologies,Corporate,Utilities,US,A,3,0.85,8.09,0.2745,51.38,,,0.0229,0.0295,3.5,41.31,Subordinated,Unsecured,0,0.138
CORP_625,Quantum Resources,Corporate,Technology,India,BBB,4,1.96,4.18,0.061,490.97,,,0.0501,0.0554,8.2,32.33,Senior Unsecured,Unsecured,0,0.3782
CORP_626,Core Logistics,Corporate,Utilities,Brazil,A,3,0.98,7.7,0.3877,27.16,,,0.0358,0.0404,5.8,76.13,Senior Unsecured,Unsecured,0,0.2964
CORP_627,Pacific Ventures,Corporate,Technology,Brazil,BB,5,2.63,3.37,0.09,287.97,,,0.0611,0.0674,4.3,65.11,Senior Secured,Financial Collateral,0,0.8706
CORP_628,Global Resources,Corporate,Utilities,Germany,B,6,3.65,1.68,-0.0803,42.12,,,0.084,0.0918,8.1,15.39,Senior Secured,Real Estate,1,0.771
CORP_629,Vanguard Logistics,Corporate,Finance,Germany,A,3,1.21,6.55,0.308,51.62,,,0.0376,0.0406,7.0,18.22,Senior Unsecured,Unsecured,0,0.3077
CORP_630,Quantum Industries,Corporate,Telecom,Germany,BBB,4,1.68,4.64,0.2288,70.29,,,0.0587,0.066,9.8,28.24,Senior Unsecured,Financial Collateral,0,0.8533
CORP_631,Core Resources,Corporate,Utilities,South Africa,B,6,5.0,2.07,0.0137,166.71,,,0.0908,0.0946,2.7,126.22,Senior Unsecured,Unsecured,0,0.437
CORP_632,United Logistics,Corporate,Technology,South Africa,CCC/C,7,4.77,-0.77,-0.0929,42.52,,,0.1238,0.1278,3.6,62.18,Senior Secured,Financial Collateral,1,0.8452
CORP_633,Summit Ventures,Corporate,Energy,India,BB,5,1.76,0.96,0.1995,95.78,,,0.0626,0.0678,5.2,210.2,Senior Unsecured,Unsecured,0,0.2476
CORP_634,Vanguard Ventures,Corporate,Utilities,Brazil,A,3,0.87,9.31,0.1765,15.0,,,0.0359,0.0432,7.5,45.89,Senior Secured,Real Estate,0,0.7423
CORP_635,Pacific Enterprises,Corporate,Utilities,US,BBB,4,1.18,3.32,0.0935,92.03,,,0.0535,0.0557,8.9,125.77,Senior Unsecured,Unsecured,0,0.4162
CORP_636,United Services,Corporate,Utilities,Brazil,BB,5,2.13,3.51,0.061,8.53,,,0.0685,0.0768,3.9,134.56,Senior Secured,Real Estate,0,0.7736
CORP_637,Beacon Group,Corporate,Technology,South Africa,A,3,0.64,6.55,0.1997,68.11,,,0.0332,0.0385,2.0,5.0,Subordinated,Unsecured,0,0.1897
CORP_638,Crest Energy,Corporate,Technology,Brazil,BBB,4,1.8,4.27,0.3132,378.48,,,0.0473,0.053,5.0,19.2,Senior Unsecured,Unsecured,0,0.4412
CORP_639,Nova Pharmaceuticals,Corporate,Energy,Brazil,A,3,0.83,8.36,0.2582,44.43,,,0.0335,0.0405,1.0,59.68,Senior Unsecured,Unsecured,0,0.2764
CORP_640,Delta Resources,Corporate,Energy,UK,BBB,4,1.36,6.49,0.2654,24.07,,,0.0495,0.0544,4.1,63.08,Senior Unsecured,Financial Collateral,0,0.8245
CORP_641,Quantum Energy,Corporate,Telecom,Brazil,A,3,0.83,4.99,0.3269,249.4,,,0.0294,0.0363,5.3,34.46,Senior Secured,Real Estate,0,0.7561
CORP_642,Synergy Group,Corporate,Energy,Germany,A,3,1.16,6.8,0.2745,92.49,,,0.0369,0.044,5.4,75.41,Senior Secured,Physical Plant,0,0.5465
CORP_643,United Resources,Corporate,Utilities,US,A,3,0.94,9.41,0.1972,144.81,,,0.0352,0.0416,8.5,18.74,Senior Unsecured,Unsecured,0,0.3789
CORP_644,Synergy Telecom,Corporate,Telecom,UK,B,6,4.69,1.24,-0.0967,26.78,,,0.0882,0.0919,9.6,68.67,Senior Unsecured,Unsecured,1,0.5655
CORP_645,Dynamic Services,Corporate,Energy,India,A,3,0.94,4.32,0.4332,24.51,,,0.0287,0.0324,5.2,14.31,Senior Unsecured,Unsecured,0,0.4153
CORP_646,Beacon Logistics,Corporate,Telecom,UK,A,3,1.39,6.13,0.313,18.21,,,0.0304,0.0376,8.5,9.75,Senior Unsecured,Unsecured,0,0.5192
CORP_647,Apex Technologies,Corporate,Finance,Germany,BBB,4,1.56,6.91,0.1887,81.18,,,0.0549,0.0591,5.9,20.78,Senior Secured,Real Estate,1,0.7541
CORP_648,Aero Industries,Corporate,Utilities,Brazil,BBB,4,1.84,1.45,0.1634,22.81,,,0.0465,0.0512,6.4,26.64,Senior Unsecured,Unsecured,0,0.4818
CORP_649,Nordic Services,Corporate,Telecom,US,BBB,4,1.63,7.3,0.2501,146.93,,,0.0408,0.0434,3.3,51.79,Senior Secured,Real Estate,0,0.7548
CORP_650,United Technologies,Corporate,Telecom,Germany,BB,5,2.61,3.57,0.249,124.41,,,0.0646,0.0723,5.1,45.54,Subordinated,Unsecured,0,0.0141
CORP_651,Beacon Group,Corporate,Technology,India,BBB,4,1.66,6.9,0.1462,19.04,,,0.038,0.0428,4.0,18.24,Senior Secured,Real Estate,0,0.7289
CORP_652,Alpha Energy,Corporate,Technology,Brazil,A,3,0.93,7.22,0.4223,70.61,,,0.0332,0.038,9.1,8.56,Senior Unsecured,Unsecured,0,0.4521
CORP_653,Delta Logistics,Corporate,Utilities,UK,BBB,4,1.4,4.35,0.2537,174.57,,,0.0527,0.0576,4.0,61.37,Senior Unsecured,Unsecured,0,0.369
CORP_654,Dynamic Holdings,Corporate,Telecom,US,B,6,3.37,2.6,0.0019,193.05,,,0.094,0.0986,3.2,30.52,Subordinated,Unsecured,0,0.1467
CORP_655,Core Industries,Corporate,Technology,Brazil,BB,5,3.66,5.07,-0.0198,43.29,,,0.0532,0.0549,6.3,25.46,Senior Secured,Financial Collateral,0,0.8418
CORP_656,Vertex Telecom,Corporate,Finance,India,BB,5,2.67,2.0,0.2016,60.74,,,0.0676,0.068,7.1,15.91,Senior Secured,Financial Collateral,1,0.816
CORP_657,Nordic Logistics,Corporate,Energy,India,B,6,4.61,0.15,0.0998,115.19,,,0.0948,0.0961,8.5,17.03,Senior Secured,Physical Plant,0,0.5669
CORP_658,Quantum Holdings,Corporate,Utilities,US,BBB,4,1.35,4.17,0.1865,74.51,,,0.0438,0.0507,8.3,45.34,Senior Secured,Financial Collateral,0,0.8307
CORP_659,Pacific Logistics,Corporate,Finance,UK,BB,5,2.56,2.09,0.1241,95.83,,,0.0667,0.0717,6.0,12.76,Senior Secured,Financial Collateral,0,0.8986
CORP_660,Aero Technologies,Corporate,Energy,Brazil,AAA,1,0.55,14.17,0.2839,28.97,,,0.0155,0.0213,5.7,21.51,Senior Unsecured,Unsecured,0,0.4389
CORP_661,Synergy Technologies,Corporate,Telecom,India,A,3,0.78,7.56,0.3047,33.49,,,0.0317,0.0347,5.3,146.22,Senior Unsecured,Unsecured,0,0.3653
CORP_662,Helix Industries,Corporate,Technology,South Africa,CCC/C,7,4.32,0.1,-0.087,44.14,,,0.1257,0.1309,7.6,23.94,Senior Unsecured,Unsecured,0,0.2928
CORP_663,Summit Technologies,Corporate,Technology,Brazil,BBB,4,1.67,3.05,0.1661,12.62,,,0.0413,0.0478,1.5,19.06,Subordinated,Unsecured,0,0.1145
CORP_664,Pacific Utilities,Corporate,Telecom,UK,A,3,0.75,5.48,0.2378,79.11,,,0.0396,0.0463,6.9,25.17,Senior Unsecured,Unsecured,0,0.2836
CORP_665,Apex Industries,Corporate,Finance,Germany,BBB,4,1.49,3.0,0.1629,20.01,,,0.0458,0.0499,3.2,309.15,Senior Secured,Financial Collateral,0,0.8743
CORP_666,Nova Utilities,Corporate,Utilities,Brazil,B,6,4.32,0.01,0.0204,35.32,,,0.0925,0.0968,2.8,29.94,Subordinated,Unsecured,1,0.2233
CORP_667,Delta Group,Corporate,Telecom,US,BB,5,2.33,1.81,0.0296,445.51,,,0.0697,0.0695,4.3,26.99,Subordinated,Unsecured,1,0.1544
CORP_668,Core Services,Corporate,Energy,Brazil,BBB,4,1.64,2.94,0.2942,33.7,,,0.0495,0.0548,1.1,25.52,Senior Secured,Real Estate,0,0.7685
CORP_669,Synergy Energy,Corporate,Technology,India,BBB,4,1.35,3.86,0.229,30.11,,,0.0479,0.0525,2.1,33.09,Senior Unsecured,Unsecured,0,0.4444
CORP_670,Apex Telecom,Corporate,Technology,US,A,3,0.64,2.8,0.3837,76.85,,,0.0404,0.0479,5.7,29.77,Subordinated,Unsecured,0,0.1083
CORP_671,Synergy Holdings,Corporate,Telecom,South Africa,BBB,4,1.79,5.56,0.2217,147.52,,,0.0484,0.0523,3.2,71.4,Senior Secured,Real Estate,0,0.8173
CORP_672,United Pharmaceuticals,Corporate,Technology,South Africa,AAA,1,0.2,11.69,0.4499,364.95,,,0.014,0.0182,8.1,17.81,Senior Unsecured,Unsecured,0,0.386
CORP_673,Aero Services,Corporate,Telecom,South Africa,B,6,3.35,2.29,0.0795,10.86,,,0.0944,0.1004,8.6,44.22,Senior Unsecured,Financial Collateral,1,0.8546
CORP_674,Pacific Infrastructure,Corporate,Technology,Brazil,BB,5,2.75,4.34,0.2701,17.52,,,0.0571,0.0614,7.1,27.22,Senior Unsecured,Unsecured,0,0.4738
CORP_675,Vanguard Logistics,Corporate,Finance,India,BB,5,2.06,2.85,0.1334,24.11,,,0.058,0.0592,9.7,21.2,Senior Secured,Real Estate,0,0.8455
CORP_676,Dynamic Technologies,Corporate,Telecom,South Africa,CCC/C,7,5.0,-0.75,0.0385,16.15,,,0.1194,0.124,8.0,65.39,Senior Unsecured,Financial Collateral,1,0.8521
CORP_677,Helix Services,Corporate,Utilities,US,A,3,1.03,5.13,0.3947,9.34,,,0.0316,0.0364,7.7,9.19,Senior Secured,Financial Collateral,0,0.9336
CORP_678,Aero Ventures,Corporate,Telecom,Germany,AAA,1,0.38,10.96,0.3383,117.09,,,0.0227,0.0254,5.1,114.1,Subordinated,Unsecured,0,0.1854
CORP_679,Alpha Logistics,Corporate,Energy,Germany,BBB,4,1.96,5.74,0.3102,62.68,,,0.0429,0.0475,6.1,153.51,Subordinated,Unsecured,0,0.1995
CORP_680,Vertex Energy,Corporate,Energy,South Africa,BBB,4,1.1,3.77,0.2662,57.31,,,0.0525,0.06,5.0,31.78,Senior Unsecured,Unsecured,0,0.4035
CORP_681,Global Energy,Corporate,Telecom,Brazil,BBB,4,2.64,6.27,0.0631,86.98,,,0.0452,0.0494,8.6,13.52,Senior Secured,Physical Plant,0,0.6353
CORP_682,Crest Ventures,Corporate,Energy,US,AA,2,0.78,9.01,0.4117,37.7,,,0.0274,0.0322,9.6,56.38,Senior Secured,Real Estate,0,0.7687
CORP_683,Alpha Enterprises,Corporate,Utilities,Brazil,A,3,1.58,5.36,0.2653,84.05,,,0.0464,0.0499,3.5,22.1,Senior Secured,Real Estate,0,0.7299
CORP_684,Alpha Services,Corporate,Technology,UK,BB,5,2.92,2.36,0.0411,100.6,,,0.0758,0.08,1.3,24.54,Senior Unsecured,Unsecured,0,0.2748
CORP_685,Core Telecom,Corporate,Finance,UK,AA,2,0.38,9.49,0.4673,14.66,,,0.0173,0.0229,4.1,78.3,Senior Unsecured,Unsecured,0,0.4254
CORP_686,Summit Group,Corporate,Technology,UK,A,3,0.56,5.02,0.3906,63.7,,,0.0409,0.0462,5.7,13.09,Senior Unsecured,Financial Collateral,0,0.9315
CORP_687,Synergy Telecom,Corporate,Telecom,US,A,3,0.93,7.95,0.2401,9.22,,,0.0327,0.0386,3.6,13.75,Senior Unsecured,Unsecured,0,0.4909
CORP_688,Core Industries,Corporate,Telecom,US,BBB,4,1.18,3.48,0.2148,500.0,,,0.0437,0.0528,5.4,20.64,Senior Secured,Real Estate,0,0.7681
CORP_689,Crest Industries,Corporate,Utilities,US,BBB,4,1.37,4.14,0.0639,87.22,,,0.0493,0.0544,2.0,31.35,Subordinated,Unsecured,0,0.0763
CORP_690,Summit Services,Corporate,Technology,UK,CCC/C,7,5.0,0.52,-0.0346,273.9,,,0.1221,0.1297,3.8,103.05,Senior Unsecured,Financial Collateral,1,0.9485
CORP_691,Alpha Energy,Corporate,Finance,Brazil,BBB,4,1.86,6.24,0.1026,77.48,,,0.0484,0.0537,6.6,39.77,Senior Secured,Financial Collateral,0,0.8694
CORP_692,Delta Ventures,Corporate,Finance,UK,BB,5,1.95,-0.09,0.1018,150.48,,,0.0693,0.0748,2.9,5.0,Subordinated,Unsecured,0,0.1421
CORP_693,Nova Enterprises,Corporate,Utilities,South Africa,B,6,3.84,-1.87,0.112,265.27,,,0.0844,0.0921,3.8,15.15,Senior Unsecured,Unsecured,0,0.4542
CORP_694,Dynamic Technologies,Corporate,Technology,India,AA,2,0.36,10.58,0.4011,115.33,,,0.0273,0.0298,9.9,19.2,Senior Secured,Financial Collateral,0,0.838
CORP_695,United Telecom,Corporate,Telecom,Germany,B,6,3.08,1.3,0.0707,13.26,,,0.09,0.0962,4.5,113.48,Senior Unsecured,Unsecured,0,0.3932
CORP_696,Synergy Ventures,Corporate,Finance,US,BBB,4,1.72,4.06,0.0927,24.7,,,0.0398,0.0422,3.6,41.01,Senior Secured,Financial Collateral,0,0.863
CORP_697,Nova Group,Corporate,Energy,UK,AA,2,0.55,7.53,0.3238,58.07,,,0.0254,0.0306,7.1,54.59,Senior Secured,Financial Collateral,0,0.852
CORP_698,Vertex Resources,Corporate,Technology,India,BBB,4,1.93,3.24,0.0022,131.08,,,0.0467,0.0524,9.7,40.43,Senior Unsecured,Unsecured,1,0.3235
CORP_699,United Logistics,Corporate,Technology,India,A,3,0.6,10.03,0.3497,500.0,,,0.0369,0.0438,2.7,31.84,Senior Secured,Real Estate,0,0.709
CORP_700,Vertex Resources,Corporate,Energy,South Africa,A,3,0.99,8.68,0.2693,73.69,,,0.0356,0.0406,7.3,62.77,Senior Unsecured,Unsecured,0,0.3703
SOV_001,Kingdom of Solaria,Sovereign,Sovereign,Germany,AA,2,,,,,43.8,0.2659,0.0391,0.0394,2.5,32.84,Senior Unsecured,Unsecured,0,0.3685
SOV_002,Commonwealth of Orion,Sovereign,Sovereign,Germany,A,3,,,,,79.0,0.5658,0.0393,0.0429,2.9,66.33,Senior Unsecured,Unsecured,0,0.4232
SOV_003,Sovereign State of Elysia,Sovereign,Sovereign,US,AA,2,,,,,35.4,0.3564,0.0369,0.0385,1.6,71.16,Senior Unsecured,Unsecured,0,0.4113
SOV_004,Federation of Zenith,Sovereign,Sovereign,US,BBB,4,,,,,176.8,0.7724,0.0527,0.0527,7.3,58.84,Senior Secured,Financial Collateral,0,0.811
SOV_005,United Provinces of Arcadia,Sovereign,Sovereign,US,BBB,4,,,,,240.0,0.8067,0.0565,0.059,4.4,23.59,Subordinated,Unsecured,0,0.2161
SOV_006,Emirate of Al-Jamil,Sovereign,Sovereign,Germany,A,3,,,,,91.6,0.4308,0.0429,0.0442,3.7,62.83,Senior Secured,Financial Collateral,0,0.8956
SOV_007,Republic of Thalassa,Sovereign,Sovereign,South Africa,BBB,4,,,,,212.5,0.7446,0.0544,0.0562,1.0,51.19,Senior Unsecured,Unsecured,0,0.4089
SOV_008,Kingdom of Freya,Sovereign,Sovereign,UK,BBB,4,,,,,202.9,0.5524,0.0548,0.0553,2.7,114.31,Senior Unsecured,Unsecured,0,0.46
SOV_009,Union of Boreas,Sovereign,Sovereign,Germany,A,3,,,,,84.0,0.5676,0.0398,0.0434,6.8,96.99,Senior Secured,Financial Collateral,0,0.7941
SOV_010,Republic of Zephyr,Sovereign,Sovereign,India,CCC/C,7,,,,,1093.2,1.4663,0.1437,0.1443,6.2,30.74,Senior Unsecured,Unsecured,1,0.5269
SOV_011,Empire of Aethelgard,Sovereign,Sovereign,India,BBB,4,,,,,241.6,0.8836,0.0575,0.0592,9.1,73.36,Senior Unsecured,Unsecured,0,0.498
SOV_012,Republic of Kaelen,Sovereign,Sovereign,Germany,BBB,4,,,,,286.3,0.701,0.0627,0.0636,1.9,27.12,Senior Unsecured,Unsecured,0,0.4624
SOV_013,Sovereign Territory of Oakhaven,Sovereign,Sovereign,Brazil,BB,5,,,,,510.1,1.0753,0.082,0.086,3.1,66.68,Senior Unsecured,Unsecured,0,0.3875
SOV_014,Republic of Valoria,Sovereign,Sovereign,UK,AAA,1,,,,,19.4,0.2319,0.0331,0.0369,6.0,15.14,Senior Unsecured,Unsecured,0,0.4854
SOV_015,Federal Republic of Oromia,Sovereign,Sovereign,Brazil,AA,2,,,,,49.2,0.2,0.0373,0.0399,8.0,55.47,Senior Unsecured,Unsecured,0,0.5212
SOV_016,Democratic Republic of Gaea,Sovereign,Sovereign,South Africa,BB,5,,,,,484.8,1.0721,0.0813,0.0835,7.5,93.4,Senior Unsecured,Unsecured,0,0.6067
SOV_017,Kingdom of Hyperborea,Sovereign,Sovereign,Brazil,AA,2,,,,,49.6,0.4219,0.0364,0.04,5.4,71.01,Senior Unsecured,Unsecured,0,0.4551
SOV_018,Republic of Austri,Sovereign,Sovereign,South Africa,AA,2,,,,,40.1,0.3913,0.0362,0.039,7.4,65.28,Senior Unsecured,Unsecured,0,0.4543
SOV_019,State of Vesper,Sovereign,Sovereign,South Africa,A,3,,,,,74.2,0.5626,0.0398,0.0424,9.3,25.08,Senior Unsecured,Unsecured,0,0.4045
SOV_020,Union of Valerius,Sovereign,Sovereign,UK,AA,2,,,,,39.3,0.622,0.0367,0.0389,3.4,157.85,Senior Unsecured,Unsecured,0,0.5303
SOV_021,Republic of Eldoria,Sovereign,Sovereign,Brazil,AA,2,,,,,44.3,0.4628,0.0389,0.0394,6.4,47.06,Senior Unsecured,Unsecured,0,0.5286
SOV_022,Kingdom of Novaria,Sovereign,Sovereign,Germany,A,3,,,,,85.6,0.6938,0.0407,0.0436,3.2,95.33,Senior Unsecured,Unsecured,0,0.5181
SOV_023,Sovereign State of Thaloria,Sovereign,Sovereign,US,B,6,,,,,629.2,1.205,0.0966,0.0979,6.3,175.6,Senior Unsecured,Unsecured,1,0.5589
SOV_024,Federation of Asturia,Sovereign,Sovereign,US,A,3,,,,,90.9,0.5627,0.0431,0.0441,3.6,34.61,Senior Unsecured,Unsecured,0,0.475
SOV_025,Republic of Lysandra,Sovereign,Sovereign,South Africa,AA,2,,,,,44.0,0.4703,0.0376,0.0394,4.0,134.45,Senior Unsecured,Unsecured,0,0.4885
SOV_026,Republic of Patria II,Sovereign,Sovereign,UK,B,6,,,,,638.9,1.0482,0.0968,0.0989,8.5,22.43,Senior Unsecured,Unsecured,0,0.4816
SOV_027,Kingdom of Solaria II,Sovereign,Sovereign,Germany,BB,5,,,,,401.6,0.9024,0.0743,0.0752,4.5,31.24,Senior Unsecured,Unsecured,1,0.4556
SOV_028,Commonwealth of Orion II,Sovereign,Sovereign,Germany,AA,2,,,,,45.2,0.5396,0.0374,0.0395,7.7,92.94,Senior Unsecured,Unsecured,0,0.5925
SOV_029,Sovereign State of Elysia II,Sovereign,Sovereign,US,BBB,4,,,,,189.8,0.7544,0.0519,0.054,8.5,47.4,Senior Unsecured,Unsecured,0,0.5192
SOV_030,Federation of Zenith II,Sovereign,Sovereign,South Africa,B,6,,,,,825.3,1.0712,0.1166,0.1175,2.4,21.1,Senior Unsecured,Unsecured,1,0.5984
SOV_031,United Provinces of Arcadia II,Sovereign,Sovereign,Germany,BBB,4,,,,,214.3,0.7947,0.0531,0.0564,6.5,27.0,Senior Unsecured,Unsecured,0,0.4031
SOV_032,Emirate of Al-Jamil II,Sovereign,Sovereign,South Africa,BB,5,,,,,277.6,0.798,0.0603,0.0628,2.3,61.74,Senior Unsecured,Unsecured,0,0.3785
SOV_033,Republic of Thalassa II,Sovereign,Sovereign,US,BB,5,,,,,287.5,0.8692,0.0626,0.0638,8.1,34.11,Subordinated,Unsecured,0,0.2281
SOV_034,Kingdom of Freya II,Sovereign,Sovereign,Germany,A,3,,,,,88.5,0.4383,0.0425,0.0439,4.9,161.62,Senior Unsecured,Unsecured,0,0.4354
SOV_035,Union of Boreas II,Sovereign,Sovereign,Germany,AA,2,,,,,43.6,0.207,0.0389,0.0394,6.3,82.88,Senior Unsecured,Unsecured,0,0.46
SOV_036,Republic of Zephyr II,Sovereign,Sovereign,US,AA,2,,,,,43.9,0.6646,0.0387,0.0394,2.9,85.21,Subordinated,Unsecured,0,0.1776
SOV_037,Empire of Aethelgard II,Sovereign,Sovereign,South Africa,AAA,1,,,,,17.4,0.2672,0.0358,0.0367,4.4,35.84,Senior Unsecured,Unsecured,0,0.5314
SOV_038,Republic of Kaelen II,Sovereign,Sovereign,UK,CCC/C,7,,,,,886.2,1.5,0.1243,0.1236,3.2,58.26,Subordinated,Unsecured,1,0.2731
SOV_039,Sovereign Territory of Oakhaven II,Sovereign,Sovereign,UK,BBB,4,,,,,266.8,0.7455,0.0605,0.0617,4.1,64.74,Senior Unsecured,Unsecured,0,0.3112
SOV_040,Republic of Valoria II,Sovereign,Sovereign,US,AA,2,,,,,48.7,0.484,0.038,0.0399,5.7,72.58,Senior Unsecured,Unsecured,0,0.2526
SOV_041,Federal Republic of Oromia II,Sovereign,Sovereign,Germany,BBB,4,,,,,210.8,0.897,0.054,0.0561,2.5,30.69,Subordinated,Unsecured,0,0.3301
SOV_042,Democratic Republic of Gaea II,Sovereign,Sovereign,US,BBB,4,,,,,263.2,0.8284,0.0601,0.0613,8.2,32.19,Senior Unsecured,Unsecured,0,0.6831
SOV_043,Kingdom of Hyperborea II,Sovereign,Sovereign,UK,AAA,1,,,,,18.2,0.3499,0.0347,0.0368,4.7,26.48,Senior Unsecured,Unsecured,0,0.2335
SOV_044,Republic of Austri II,Sovereign,Sovereign,US,B,6,,,,,697.0,1.1098,0.1021,0.1047,1.4,138.43,Senior Unsecured,Unsecured,1,0.6005
SOV_045,State of Vesper II,Sovereign,Sovereign,South Africa,A,3,,,,,67.0,0.6731,0.0383,0.0417,3.2,34.65,Senior Unsecured,Unsecured,0,0.4968
SOV_046,Union of Valerius II,Sovereign,Sovereign,India,B,6,,,,,495.9,1.1067,0.084,0.0846,9.5,13.1,Senior Unsecured,Unsecured,0,0.3728
SOV_047,Republic of Eldoria II,Sovereign,Sovereign,Germany,A,3,,,,,103.5,0.6204,0.0431,0.0453,1.7,135.53,Senior Unsecured,Unsecured,0,0.5589
SOV_048,Kingdom of Novaria II,Sovereign,Sovereign,India,B,6,,,,,582.3,1.2626,0.0906,0.0932,7.1,41.9,Senior Unsecured,Unsecured,1,0.4348
SOV_049,Sovereign State of Thaloria II,Sovereign,Sovereign,India,B,6,,,,,737.4,1.0496,0.1064,0.1087,3.6,104.31,Senior Unsecured,Unsecured,1,0.4258
SOV_050,Federation of Asturia II,Sovereign,Sovereign,India,AAA,1,,,,,22.3,0.2426,0.0347,0.0372,1.5,37.24,Senior Unsecured,Unsecured,0,0.3302
SOV_051,Republic of Lysandra II,Sovereign,Sovereign,US,BBB,4,,,,,209.5,0.7682,0.0548,0.056,5.6,75.22,Senior Unsecured,Unsecured,0,0.4317
SOV_052,Republic of Patria II,Sovereign,Sovereign,Brazil,B,6,,,,,819.3,1.1074,0.1156,0.1169,8.0,120.32,Senior Unsecured,Unsecured,1,0.463
SOV_053,Kingdom of Solaria II,Sovereign,Sovereign,US,B,6,,,,,835.9,1.1981,0.117,0.1186,9.8,45.82,Senior Unsecured,Unsecured,0,0.4381
SOV_054,Commonwealth of Orion II,Sovereign,Sovereign,UK,B,6,,,,,806.8,1.2014,0.1125,0.1157,10.0,27.58,Senior Unsecured,Unsecured,0,0.5063
SOV_055,Sovereign State of Elysia II,Sovereign,Sovereign,Brazil,CCC/C,7,,,,,1200.0,1.3981,0.15,0.155,9.8,107.43,Senior Unsecured,Unsecured,1,0.4932
SOV_056,Federation of Zenith II,Sovereign,Sovereign,Brazil,A,3,,,,,116.1,0.4626,0.0438,0.0466,5.3,24.04,Senior Unsecured,Unsecured,0,0.355
SOV_057,United Provinces of Arcadia II,Sovereign,Sovereign,India,A,3,,,,,104.7,0.6535,0.0416,0.0455,9.6,25.23,Senior Unsecured,Unsecured,0,0.601
SOV_058,Emirate of Al-Jamil II,Sovereign,Sovereign,UK,AA,2,,,,,38.5,0.3376,0.0364,0.0388,9.3,13.45,Senior Unsecured,Unsecured,0,0.5071
SOV_059,Republic of Thalassa II,Sovereign,Sovereign,Brazil,A,3,,,,,101.7,0.5212,0.0441,0.0452,9.8,32.4,Senior Unsecured,Unsecured,0,0.5792
SOV_060,Kingdom of Freya II,Sovereign,Sovereign,Brazil,BBB,4,,,,,269.1,0.7766,0.0616,0.0619,8.9,95.19,Senior Unsecured,Unsecured,0,0.3623
SOV_061,Union of Boreas II,Sovereign,Sovereign,UK,AA,2,,,,,57.8,0.432,0.0386,0.0408,7.3,47.71,Senior Unsecured,Unsecured,0,0.4078
SOV_062,Republic of Zephyr II,Sovereign,Sovereign,Brazil,BB,5,,,,,349.0,0.9936,0.0684,0.0699,2.9,26.31,Senior Unsecured,Unsecured,0,0.2979
SOV_063,Empire of Aethelgard II,Sovereign,Sovereign,US,BB,5,,,,,337.4,1.1382,0.0673,0.0687,5.7,32.83,Senior Unsecured,Unsecured,0,0.6085
SOV_064,Republic of Kaelen II,Sovereign,Sovereign,US,AA,2,,,,,34.6,0.6071,0.0354,0.0385,9.4,68.34,Senior Secured,Financial Collateral,0,0.809
SOV_065,Sovereign Territory of Oakhaven II,Sovereign,Sovereign,South Africa,AAA,1,,,,,20.7,0.2,0.036,0.0371,7.0,78.58,Senior Unsecured,Unsecured,0,0.3404
SOV_066,Republic of Valoria II,Sovereign,Sovereign,South Africa,BBB,4,,,,,278.2,0.8838,0.0614,0.0628,3.1,14.43,Senior Unsecured,Unsecured,0,0.2498
SOV_067,Federal Republic of Oromia II,Sovereign,Sovereign,Germany,AA,2,,,,,45.6,0.4553,0.036,0.0396,7.9,86.1,Senior Unsecured,Unsecured,0,0.3505
SOV_068,Democratic Republic of Gaea II,Sovereign,Sovereign,UK,BBB,4,,,,,196.3,0.8458,0.0539,0.0546,7.3,102.67,Senior Unsecured,Unsecured,0,0.3861
SOV_069,Kingdom of Hyperborea II,Sovereign,Sovereign,India,BBB,4,,,,,266.9,0.9937,0.0587,0.0617,7.5,69.76,Senior Unsecured,Unsecured,0,0.3854
SOV_070,Republic of Austri II,Sovereign,Sovereign,India,CCC/C,7,,,,,850.0,1.2877,0.1191,0.12,6.2,34.76,Senior Unsecured,Unsecured,1,0.4343
SOV_071,State of Vesper II,Sovereign,Sovereign,South Africa,CCC/C,7,,,,,1030.4,1.4754,0.1359,0.138,6.0,29.58,Senior Unsecured,Unsecured,1,0.4502
SOV_072,Union of Valerius II,Sovereign,Sovereign,India,A,3,,,,,92.4,0.4944,0.0421,0.0442,3.8,16.57,Senior Unsecured,Unsecured,0,0.4504
SOV_073,Republic of Eldoria II,Sovereign,Sovereign,Germany,AA,2,,,,,47.9,0.5539,0.0382,0.0398,9.3,36.26,Senior Unsecured,Unsecured,0,0.2958
SOV_074,Kingdom of Novaria II,Sovereign,Sovereign,UK,BB,5,,,,,395.6,0.8248,0.0718,0.0746,2.1,17.6,Senior Unsecured,Unsecured,0,0.3899
SOV_075,Sovereign State of Thaloria II,Sovereign,Sovereign,UK,A,3,,,,,88.8,0.53,0.0414,0.0439,3.1,57.41,Senior Unsecured,Unsecured,0,0.4228
SOV_076,Federation of Asturia II,Sovereign,Sovereign,US,A,3,,,,,87.0,0.5089,0.0436,0.0437,6.7,38.81,Senior Unsecured,Unsecured,0,0.4018
SOV_077,Republic of Lysandra II,Sovereign,Sovereign,Germany,A,3,,,,,80.7,0.4985,0.0413,0.0431,1.3,30.44,Senior Unsecured,Unsecured,0,0.3845
SOV_078,Republic of Patria II,Sovereign,Sovereign,US,A,3,,,,,105.6,0.6975,0.0447,0.0456,2.7,61.95,Senior Unsecured,Unsecured,0,0.4522
SOV_079,Kingdom of Solaria II,Sovereign,Sovereign,US,AA,2,,,,,52.6,0.4188,0.0381,0.0403,2.3,79.98,Senior Secured,Financial Collateral,0,0.8261
SOV_080,Commonwealth of Orion II,Sovereign,Sovereign,Brazil,AA,2,,,,,37.9,0.5183,0.0367,0.0388,8.9,16.25,Senior Unsecured,Unsecured,0,0.3912
SOV_081,Sovereign State of Elysia II,Sovereign,Sovereign,Germany,BBB,4,,,,,191.6,0.906,0.0521,0.0542,2.9,26.56,Senior Unsecured,Unsecured,0,0.4806
SOV_082,Federation of Zenith II,Sovereign,Sovereign,Brazil,AA,2,,,,,52.5,0.4033,0.0383,0.0402,2.3,110.93,Senior Unsecured,Unsecured,0,0.5158
SOV_083,United Provinces of Arcadia II,Sovereign,Sovereign,UK,AA,2,,,,,44.4,0.2806,0.0373,0.0394,7.1,98.33,Senior Unsecured,Unsecured,0,0.3252
SOV_084,Emirate of Al-Jamil II,Sovereign,Sovereign,Germany,BBB,4,,,,,289.9,0.8389,0.0632,0.064,8.5,195.77,Senior Unsecured,Unsecured,0,0.4146
SOV_085,Republic of Thalassa II,Sovereign,Sovereign,US,A,3,,,,,98.5,0.6519,0.0437,0.0449,4.2,16.47,Senior Unsecured,Unsecured,0,0.4434
SOV_086,Kingdom of Freya II,Sovereign,Sovereign,UK,BB,5,,,,,407.6,0.7353,0.0733,0.0758,2.8,135.45,Senior Unsecured,Unsecured,1,0.3573
SOV_087,Union of Boreas II,Sovereign,Sovereign,India,BBB,4,,,,,207.2,0.8355,0.0544,0.0557,4.2,18.63,Senior Unsecured,Unsecured,0,0.5308
SOV_088,Republic of Zephyr II,Sovereign,Sovereign,South Africa,AAA,1,,,,,15.5,0.4472,0.0328,0.0365,5.8,60.91,Senior Secured,Financial Collateral,0,0.9221
SOV_089,Empire of Aethelgard II,Sovereign,Sovereign,US,B,6,,,,,759.3,1.1848,0.1091,0.1109,2.4,54.7,Senior Unsecured,Unsecured,0,0.3193
SOV_090,Republic of Kaelen II,Sovereign,Sovereign,Brazil,B,6,,,,,516.5,1.271,0.0833,0.0866,7.6,21.23,Senior Unsecured,Unsecured,1,0.3126
SOV_091,Sovereign Territory of Oakhaven II,Sovereign,Sovereign,Brazil,AA,2,,,,,37.7,0.7862,0.0373,0.0388,3.4,10.59,Senior Unsecured,Unsecured,0,0.5161
SOV_092,Republic of Valoria II,Sovereign,Sovereign,US,CCC/C,7,,,,,1153.1,1.4953,0.1477,0.1503,7.3,53.13,Senior Unsecured,Unsecured,1,0.5922
SOV_093,Federal Republic of Oromia II,Sovereign,Sovereign,India,B,6,,,,,813.2,1.0939,0.1136,0.1163,8.2,65.82,Senior Unsecured,Unsecured,0,0.3907
SOV_094,Democratic Republic of Gaea II,Sovereign,Sovereign,South Africa,AA,2,,,,,50.8,0.4167,0.0376,0.0401,4.8,35.89,Senior Unsecured,Unsecured,0,0.3493
SOV_095,Kingdom of Hyperborea II,Sovereign,Sovereign,South Africa,A,3,,,,,108.7,0.5184,0.0437,0.0459,3.0,61.44,Senior Secured,Financial Collateral,0,0.9141
SOV_096,Republic of Austri II,Sovereign,Sovereign,India,BBB,4,,,,,157.6,1.0373,0.0489,0.0508,1.6,65.57,Senior Unsecured,Unsecured,0,0.5959
SOV_097,State of Vesper II,Sovereign,Sovereign,Germany,AAA,1,,,,,20.3,0.2771,0.0362,0.037,2.9,19.86,Senior Unsecured,Unsecured,0,0.441
SOV_098,Union of Valerius II,Sovereign,Sovereign,Germany,BBB,4,,,,,211.6,0.6548,0.0554,0.0562,5.2,30.95,Senior Secured,Financial Collateral,0,0.9397
SOV_099,Republic of Eldoria II,Sovereign,Sovereign,Germany,BBB,4,,,,,224.1,0.7282,0.0554,0.0574,7.1,59.37,Senior Unsecured,Unsecured,0,0.5397
SOV_100,Kingdom of Novaria II,Sovereign,Sovereign,US,A,3,,,,,87.3,0.4979,0.0403,0.0437,9.3,42.16,Senior Unsecured,Unsecured,0,0.3888
SOV_101,Sovereign State of Thaloria II,Sovereign,Sovereign,US,AA,2,,,,,45.6,0.5403,0.0382,0.0396,6.3,106.5,Senior Unsecured,Unsecured,0,0.3209
SOV_102,Federation of Asturia II,Sovereign,Sovereign,UK,CCC/C,7,,,,,1200.0,1.4962,0.15,0.155,2.1,24.14,Subordinated,Unsecured,0,0.189
SOV_103,Republic of Lysandra II,Sovereign,Sovereign,South Africa,A,3,,,,,106.4,0.5393,0.0441,0.0456,5.2,92.04,Senior Secured,Financial Collateral,0,0.8842
SOV_104,Republic of Patria II,Sovereign,Sovereign,US,B,6,,,,,628.8,1.1158,0.0966,0.0979,5.8,33.83,Senior Unsecured,Unsecured,0,0.499
SOV_105,Kingdom of Solaria II,Sovereign,Sovereign,Brazil,BB,5,,,,,422.0,0.8427,0.0754,0.0772,6.4,33.91,Senior Unsecured,Unsecured,0,0.3355
SOV_106,Commonwealth of Orion II,Sovereign,Sovereign,Brazil,B,6,,,,,533.6,1.3346,0.0871,0.0884,6.5,95.97,Senior Unsecured,Unsecured,0,0.346
SOV_107,Sovereign State of Elysia II,Sovereign,Sovereign,Germany,CCC/C,7,,,,,1200.0,1.2045,0.15,0.155,8.0,97.97,Subordinated,Unsecured,0,0.1421
SOV_108,Federation of Zenith II,Sovereign,Sovereign,Germany,AAA,1,,,,,14.8,0.4113,0.0329,0.0365,4.2,56.09,Senior Unsecured,Unsecured,0,0.4083
SOV_109,United Provinces of Arcadia II,Sovereign,Sovereign,South Africa,BBB,4,,,,,269.8,0.63,0.0604,0.062,6.0,18.06,Senior Secured,Financial Collateral,0,0.8087
SOV_110,Emirate of Al-Jamil II,Sovereign,Sovereign,Brazil,BB,5,,,,,395.3,0.8905,0.0728,0.0745,2.3,60.56,Senior Secured,Financial Collateral,0,0.9045
SOV_111,Republic of Thalassa II,Sovereign,Sovereign,South Africa,BBB,4,,,,,261.4,0.9002,0.0587,0.0611,5.0,77.8,Senior Unsecured,Unsecured,0,0.4607
SOV_112,Kingdom of Freya II,Sovereign,Sovereign,Germany,A,3,,,,,116.6,0.5393,0.0458,0.0467,4.0,210.12,Subordinated,Unsecured,0,0.1996
SOV_113,Union of Boreas II,Sovereign,Sovereign,India,AAA,1,,,,,26.2,0.4636,0.0357,0.0376,4.5,59.33,Senior Unsecured,Unsecured,0,0.4997
SOV_114,Republic of Zephyr II,Sovereign,Sovereign,UK,BBB,4,,,,,172.9,0.5518,0.05,0.0523,1.7,90.49,Subordinated,Unsecured,0,0.2402
SOV_115,Empire of Aethelgard II,Sovereign,Sovereign,South Africa,A,3,,,,,90.7,0.653,0.0412,0.0441,5.1,41.15,Senior Unsecured,Unsecured,0,0.4535
SOV_116,Republic of Kaelen II,Sovereign,Sovereign,UK,BBB,4,,,,,260.4,0.7444,0.0576,0.061,1.4,31.94,Senior Unsecured,Unsecured,0,0.4906
SOV_117,Sovereign Territory of Oakhaven II,Sovereign,Sovereign,South Africa,BB,5,,,,,350.0,0.7583,0.0681,0.07,8.8,52.44,Senior Unsecured,Unsecured,0,0.5698
SOV_118,Republic of Valoria II,Sovereign,Sovereign,South Africa,CCC/C,7,,,,,1178.0,1.3031,0.1495,0.1528,2.4,38.54,Senior Unsecured,Unsecured,1,0.4725
SOV_119,Federal Republic of Oromia II,Sovereign,Sovereign,Germany,BB,5,,,,,384.7,0.9199,0.0698,0.0735,3.0,42.41,Senior Unsecured,Unsecured,0,0.4061
SOV_120,Democratic Republic of Gaea II,Sovereign,Sovereign,India,BBB,4,,,,,200.4,0.6568,0.0537,0.055,2.2,23.74,Senior Unsecured,Unsecured,0,0.4324
SOV_121,Kingdom of Hyperborea II,Sovereign,Sovereign,Germany,A,3,,,,,93.2,0.5251,0.043,0.0443,3.9,60.35,Subordinated,Unsecured,0,0.2581
SOV_122,Republic of Austri II,Sovereign,Sovereign,UK,BBB,4,,,,,249.7,0.8846,0.0572,0.06,3.9,127.67,Senior Unsecured,Unsecured,0,0.4483
SOV_123,State of Vesper II,Sovereign,Sovereign,UK,CCC/C,7,,,,,1091.7,1.5,0.142,0.1442,7.8,28.67,Senior Unsecured,Unsecured,1,0.5539
SOV_124,Union of Valerius II,Sovereign,Sovereign,Brazil,AA,2,,,,,46.9,0.349,0.0389,0.0397,2.0,25.2,Senior Secured,Financial Collateral,0,0.883
SOV_125,Republic of Eldoria II,Sovereign,Sovereign,South Africa,A,3,,,,,84.6,0.7775,0.0409,0.0435,9.4,75.51,Senior Unsecured,Unsecured,0,0.4729
SOV_126,Kingdom of Novaria II,Sovereign,Sovereign,Brazil,BBB,4,,,,,188.7,0.7464,0.0514,0.0539,8.2,41.33,Senior Unsecured,Unsecured,0,0.372
SOV_127,Sovereign State of Thaloria II,Sovereign,Sovereign,UK,A,3,,,,,89.0,0.7065,0.0408,0.0439,3.8,42.12,Senior Unsecured,Unsecured,0,0.438
SOV_128,Federation of Asturia II,Sovereign,Sovereign,South Africa,A,3,,,,,87.6,0.6625,0.0416,0.0438,2.9,52.11,Senior Unsecured,Unsecured,0,0.3943
SOV_129,Republic of Lysandra II,Sovereign,Sovereign,Brazil,BBB,4,,,,,186.2,0.7157,0.05,0.0536,9.7,19.28,Senior Unsecured,Unsecured,0,0.5854
SOV_130,Republic of Patria II,Sovereign,Sovereign,Germany,CCC/C,7,,,,,1057.1,1.3168,0.1388,0.1407,7.5,58.28,Senior Secured,Financial Collateral,0,0.8376
SOV_131,Kingdom of Solaria II,Sovereign,Sovereign,Germany,CCC/C,7,,,,,1053.7,1.2865,0.1383,0.1404,4.7,105.17,Senior Unsecured,Unsecured,0,0.366
SOV_132,Commonwealth of Orion II,Sovereign,Sovereign,India,BBB,4,,,,,183.8,0.737,0.0517,0.0534,6.1,224.77,Senior Unsecured,Unsecured,0,0.4698
SOV_133,Sovereign State of Elysia II,Sovereign,Sovereign,Brazil,BBB,4,,,,,263.2,0.6094,0.0593,0.0613,5.2,78.27,Senior Unsecured,Unsecured,0,0.4279
SOV_134,Federation of Zenith II,Sovereign,Sovereign,Brazil,BBB,4,,,,,205.3,0.5582,0.0539,0.0555,7.2,72.81,Senior Unsecured,Unsecured,0,0.4744
SOV_135,United Provinces of Arcadia II,Sovereign,Sovereign,Germany,AA,2,,,,,50.1,0.3794,0.0369,0.04,5.6,65.33,Senior Unsecured,Unsecured,0,0.4175
SOV_136,Emirate of Al-Jamil II,Sovereign,Sovereign,South Africa,AA,2,,,,,48.6,0.6434,0.0377,0.0399,4.0,77.23,Senior Unsecured,Unsecured,0,0.4362
SOV_137,Republic of Thalassa II,Sovereign,Sovereign,UK,AA,2,,,,,46.2,0.3151,0.0394,0.0396,9.0,110.19,Senior Unsecured,Unsecured,0,0.4541
SOV_138,Kingdom of Freya II,Sovereign,Sovereign,Germany,BBB,4,,,,,226.9,0.8041,0.0559,0.0577,8.0,129.77,Senior Unsecured,Unsecured,0,0.3475
SOV_139,Union of Boreas II,Sovereign,Sovereign,UK,BBB,4,,,,,204.9,0.777,0.0518,0.0555,4.2,22.59,Senior Unsecured,Unsecured,0,0.5061
SOV_140,Republic of Zephyr II,Sovereign,Sovereign,Brazil,A,3,,,,,91.7,0.6785,0.0434,0.0442,7.2,40.8,Senior Unsecured,Unsecured,0,0.5073
SOV_141,Empire of Aethelgard II,Sovereign,Sovereign,Germany,AA,2,,,,,33.7,0.5689,0.0373,0.0384,9.6,25.09,Senior Unsecured,Unsecured,0,0.4631
SOV_142,Republic of Kaelen II,Sovereign,Sovereign,Brazil,AAA,1,,,,,17.8,0.2761,0.0348,0.0368,6.0,30.96,Senior Secured,Financial Collateral,0,0.8036
SOV_143,Sovereign Territory of Oakhaven II,Sovereign,Sovereign,Germany,BBB,4,,,,,268.6,0.7421,0.0601,0.0619,6.4,84.2,Senior Unsecured,Unsecured,0,0.4332
SOV_144,Republic of Valoria II,Sovereign,Sovereign,UK,AA,2,,,,,47.4,0.6649,0.036,0.0397,9.6,180.89,Senior Unsecured,Unsecured,0,0.4058
SOV_145,Federal Republic of Oromia II,Sovereign,Sovereign,Germany,AA,2,,,,,32.9,0.5709,0.035,0.0383,9.0,39.77,Senior Unsecured,Unsecured,0,0.568
SOV_146,Democratic Republic of Gaea II,Sovereign,Sovereign,Germany,AA,2,,,,,47.8,0.446,0.0381,0.0398,4.9,119.12,Senior Unsecured,Unsecured,0,0.4655
SOV_147,Kingdom of Hyperborea II,Sovereign,Sovereign,Brazil,AAA,1,,,,,24.7,0.2,0.0369,0.0375,8.6,68.53,Senior Unsecured,Unsecured,0,0.4218
SOV_148,Republic of Austri II,Sovereign,Sovereign,South Africa,AA,2,,,,,53.2,0.4351,0.0374,0.0403,5.9,40.25,Senior Unsecured,Unsecured,0,0.4991
SOV_149,State of Vesper II,Sovereign,Sovereign,US,AA,2,,,,,36.2,0.4723,0.0361,0.0386,2.3,43.51,Senior Unsecured,Unsecured,0,0.3727
SOV_150,Union of Valerius II,Sovereign,Sovereign,Brazil,A,3,,,,,93.2,0.4796,0.042,0.0443,9.7,26.32,Senior Unsecured,Unsecured,0,0.5174
SOV_151,Republic of Eldoria II,Sovereign,Sovereign,India,AAA,1,,,,,21.8,0.3064,0.0365,0.0372,9.7,13.74,Senior Unsecured,Unsecured,0,0.489
SOV_152,Kingdom of Novaria II,Sovereign,Sovereign,US,A,3,,,,,113.0,0.3926,0.0455,0.0463,8.4,36.78,Senior Unsecured,Unsecured,0,0.3728
SOV_153,Sovereign State of Thaloria II,Sovereign,Sovereign,UK,AA,2,,,,,47.4,0.5895,0.0376,0.0397,3.5,19.53,Senior Unsecured,Unsecured,0,0.407
SOV_154,Federation of Asturia II,Sovereign,Sovereign,UK,AA,2,,,,,43.8,0.434,0.0384,0.0394,5.6,41.03,Senior Unsecured,Unsecured,0,0.317
SOV_155,Republic of Lysandra II,Sovereign,Sovereign,South Africa,AAA,1,,,,,15.4,0.2,0.0327,0.0365,3.8,40.62,Senior Unsecured,Unsecured,0,0.4634
SOV_156,Republic of Patria II,Sovereign,Sovereign,South Africa,BB,5,,,,,395.1,0.7728,0.0722,0.0745,5.6,293.72,Senior Unsecured,Unsecured,1,0.4966
SOV_157,Kingdom of Solaria II,Sovereign,Sovereign,US,B,6,,,,,776.2,1.109,0.1097,0.1126,8.5,35.8,Senior Unsecured,Unsecured,1,0.5497
SOV_158,Commonwealth of Orion II,Sovereign,Sovereign,India,BB,5,,,,,485.0,0.9492,0.0823,0.0835,5.3,85.35,Senior Unsecured,Unsecured,0,0.4188
SOV_159,Sovereign State of Elysia II,Sovereign,Sovereign,Brazil,AAA,1,,,,,23.0,0.3658,0.0345,0.0373,1.7,14.93,Senior Unsecured,Unsecured,0,0.4276
SOV_160,Federation of Zenith II,Sovereign,Sovereign,South Africa,BBB,4,,,,,199.7,0.8422,0.0523,0.055,3.1,5.42,Senior Unsecured,Unsecured,0,0.4246
SOV_161,United Provinces of Arcadia II,Sovereign,Sovereign,Brazil,AA,2,,,,,50.3,0.5609,0.0392,0.04,9.0,287.37,Senior Unsecured,Unsecured,0,0.4898
SOV_162,Emirate of Al-Jamil II,Sovereign,Sovereign,Brazil,A,3,,,,,96.7,0.7946,0.0434,0.0447,1.3,22.75,Senior Unsecured,Unsecured,0,0.4561
SOV_163,Republic of Thalassa II,Sovereign,Sovereign,Germany,BBB,4,,,,,248.4,0.4179,0.0551,0.0598,5.7,143.07,Senior Unsecured,Unsecured,0,0.4742
SOV_164,Kingdom of Freya II,Sovereign,Sovereign,UK,A,3,,,,,82.0,0.6558,0.0397,0.0432,2.3,18.09,Senior Secured,Financial Collateral,0,0.8416
SOV_165,Union of Boreas II,Sovereign,Sovereign,US,BB,5,,,,,391.5,1.134,0.0722,0.0742,8.4,112.85,Senior Unsecured,Unsecured,1,0.4305
SOV_166,Republic of Zephyr II,Sovereign,Sovereign,UK,BB,5,,,,,451.6,0.9613,0.0772,0.0802,7.5,33.1,Senior Unsecured,Unsecured,0,0.4112
SOV_167,Empire of Aethelgard II,Sovereign,Sovereign,US,A,3,,,,,53.2,0.6006,0.0388,0.0403,2.7,23.75,Senior Unsecured,Unsecured,0,0.4462
SOV_168,Republic of Kaelen II,Sovereign,Sovereign,US,AA,2,,,,,35.8,0.4755,0.0377,0.0386,7.6,11.3,Subordinated,Unsecured,0,0.2278
SOV_169,Sovereign Territory of Oakhaven II,Sovereign,Sovereign,Germany,AAA,1,,,,,18.1,0.2,0.0346,0.0368,7.3,17.18,Senior Unsecured,Unsecured,0,0.4431
SOV_170,Republic of Valoria II,Sovereign,Sovereign,UK,AA,2,,,,,41.3,0.7062,0.0375,0.0391,2.3,34.64,Senior Unsecured,Unsecured,0,0.4053
SOV_171,Federal Republic of Oromia II,Sovereign,Sovereign,India,BBB,4,,,,,278.5,0.7739,0.0607,0.0629,1.3,62.56,Senior Unsecured,Unsecured,0,0.5339
SOV_172,Democratic Republic of Gaea II,Sovereign,Sovereign,US,A,3,,,,,84.6,0.4264,0.0424,0.0435,2.4,40.51,Senior Unsecured,Unsecured,0,0.4142
SOV_173,Kingdom of Hyperborea II,Sovereign,Sovereign,South Africa,CCC/C,7,,,,,980.7,1.0889,0.1321,0.1331,2.3,34.04,Senior Secured,Financial Collateral,1,0.8376
SOV_174,Republic of Austri II,Sovereign,Sovereign,Brazil,BBB,4,,,,,182.7,0.8336,0.0506,0.0533,1.8,72.48,Senior Unsecured,Unsecured,0,0.3254
SOV_175,State of Vesper II,Sovereign,Sovereign,Germany,CCC/C,7,,,,,1200.0,1.485,0.15,0.155,7.9,49.28,Subordinated,Unsecured,1,0.2207
SOV_176,Union of Valerius II,Sovereign,Sovereign,India,BBB,4,,,,,230.2,0.8052,0.0551,0.058,3.7,15.54,Senior Unsecured,Unsecured,0,0.507
SOV_177,Republic of Eldoria II,Sovereign,Sovereign,US,B,6,,,,,725.2,1.2025,0.1047,0.1075,8.3,83.76,Senior Unsecured,Unsecured,0,0.4658
SOV_178,Kingdom of Novaria II,Sovereign,Sovereign,India,AAA,1,,,,,20.1,0.2172,0.0351,0.037,8.1,35.73,Senior Unsecured,Unsecured,0,0.4524
SOV_179,Sovereign State of Thaloria II,Sovereign,Sovereign,Brazil,BBB,4,,,,,271.6,0.6729,0.0599,0.0622,5.0,26.95,Senior Unsecured,Unsecured,0,0.3834
SOV_180,Federation of Asturia II,Sovereign,Sovereign,Germany,AA,2,,,,,45.6,0.4564,0.0369,0.0396,7.0,42.21,Senior Unsecured,Unsecured,0,0.3851
SOV_181,Republic of Lysandra II,Sovereign,Sovereign,Germany,BBB,4,,,,,218.9,0.5873,0.0554,0.0569,4.1,12.21,Senior Unsecured,Unsecured,0,0.2947
SOV_182,Republic of Patria II,Sovereign,Sovereign,Brazil,A,3,,,,,77.7,0.4668,0.041,0.0428,8.5,23.0,Senior Secured,Financial Collateral,0,0.7659
SOV_183,Kingdom of Solaria II,Sovereign,Sovereign,Germany,CCC/C,7,,,,,1179.0,1.3467,0.15,0.1529,2.8,18.49,Senior Unsecured,Unsecured,0,0.5181
SOV_184,Commonwealth of Orion II,Sovereign,Sovereign,UK,AAA,1,,,,,22.3,0.3419,0.0349,0.0372,6.6,83.27,Senior Unsecured,Unsecured,0,0.5411
SOV_185,Sovereign State of Elysia II,Sovereign,Sovereign,Brazil,A,3,,,,,101.6,0.606,0.0434,0.0452,4.7,51.25,Senior Unsecured,Unsecured,0,0.4108
SOV_186,Federation of Zenith II,Sovereign,Sovereign,South Africa,AA,2,,,,,44.3,0.3887,0.0385,0.0394,3.1,77.76,Senior Unsecured,Unsecured,0,0.3395
SOV_187,United Provinces of Arcadia II,Sovereign,Sovereign,Germany,A,3,,,,,81.3,0.3568,0.0407,0.0431,1.4,59.5,Senior Unsecured,Unsecured,0,0.4472
SOV_188,Emirate of Al-Jamil II,Sovereign,Sovereign,Germany,CCC/C,7,,,,,1015.6,1.4583,0.135,0.1366,2.6,44.48,Senior Secured,Financial Collateral,1,0.82
SOV_189,Republic of Thalassa II,Sovereign,Sovereign,Germany,BBB,4,,,,,217.3,0.8176,0.055,0.0567,5.5,63.78,Senior Unsecured,Unsecured,0,0.3156
SOV_190,Kingdom of Freya II,Sovereign,Sovereign,Germany,BB,5,,,,,343.9,0.8157,0.0676,0.0694,6.8,77.87,Senior Unsecured,Unsecured,0,0.5501
SOV_191,Union of Boreas II,Sovereign,Sovereign,India,A,3,,,,,93.1,0.6756,0.0425,0.0443,8.6,14.37,Senior Unsecured,Unsecured,0,0.6095
SOV_192,Republic of Zephyr II,Sovereign,Sovereign,Germany,A,3,,,,,93.8,0.6419,0.0429,0.0444,8.7,33.38,Senior Unsecured,Unsecured,0,0.3292
SOV_193,Empire of Aethelgard II,Sovereign,Sovereign,South Africa,A,3,,,,,105.9,0.5831,0.043,0.0456,4.1,135.79,Senior Unsecured,Unsecured,0,0.5559
SOV_194,Republic of Kaelen II,Sovereign,Sovereign,US,A,3,,,,,74.9,0.7405,0.0404,0.0425,4.1,22.44,Senior Unsecured,Unsecured,0,0.4556
SOV_195,Sovereign Territory of Oakhaven II,Sovereign,Sovereign,South Africa,AA,2,,,,,52.3,0.4221,0.0375,0.0402,8.9,55.49,Senior Unsecured,Unsecured,0,0.3588
SOV_196,Republic of Valoria II,Sovereign,Sovereign,US,A,3,,,,,98.5,0.5576,0.0431,0.0448,3.4,73.67,Senior Unsecured,Unsecured,0,0.4836
SOV_197,Federal Republic of Oromia II,Sovereign,Sovereign,UK,BB,5,,,,,494.7,1.0774,0.0815,0.0845,3.3,53.4,Senior Unsecured,Unsecured,1,0.4468
SOV_198,Democratic Republic of Gaea II,Sovereign,Sovereign,Brazil,BBB,4,,,,,270.6,0.729,0.0612,0.0621,3.9,54.73,Senior Unsecured,Unsecured,0,0.4193
SOV_199,Kingdom of Hyperborea II,Sovereign,Sovereign,India,A,3,,,,,67.8,0.6101,0.0402,0.0418,3.2,87.53,Senior Unsecured,Unsecured,0,0.521
SOV_200,Republic of Austri II,Sovereign,Sovereign,India,B,6,,,,,717.4,1.2892,0.1043,0.1067,5.9,58.47,Senior Unsecured,Unsecured,1,0.3313
SOV_201,State of Vesper II,Sovereign,Sovereign,India,BB,5,,,,,494.1,1.0862,0.082,0.0844,4.0,71.38,Senior Unsecured,Unsecured,0,0.4595
SOV_202,Union of Valerius II,Sovereign,Sovereign,Brazil,BBB,4,,,,,183.2,0.7461,0.0538,0.0533,8.9,56.9,Senior Unsecured,Unsecured,0,0.4302
SOV_203,Republic of Eldoria II,Sovereign,Sovereign,UK,BBB,4,,,,,207.8,0.7824,0.0543,0.0558,7.1,46.45,Senior Unsecured,Unsecured,0,0.5083
SOV_204,Kingdom of Novaria II,Sovereign,Sovereign,South Africa,BB,5,,,,,426.3,0.9343,0.0752,0.0776,8.5,72.07,Senior Unsecured,Unsecured,0,0.4079
SOV_205,Sovereign State of Thaloria II,Sovereign,Sovereign,South Africa,AA,2,,,,,36.6,0.3908,0.0366,0.0387,6.2,40.89,Senior Secured,Financial Collateral,0,1.0
SOV_206,Federation of Asturia II,Sovereign,Sovereign,UK,BB,5,,,,,446.7,0.9614,0.0773,0.0797,8.0,241.7,Subordinated,Unsecured,0,0.2296
SOV_207,Republic of Lysandra II,Sovereign,Sovereign,US,B,6,,,,,688.8,1.0207,0.1027,0.1039,4.2,58.56,Senior Unsecured,Unsecured,1,0.5031
SOV_208,Republic of Patria II,Sovereign,Sovereign,South Africa,BBB,4,,,,,305.9,0.6134,0.0633,0.0656,3.8,54.0,Senior Unsecured,Unsecured,0,0.5636
SOV_209,Kingdom of Solaria II,Sovereign,Sovereign,UK,B,6,,,,,893.8,1.197,0.1233,0.1244,4.9,44.06,Senior Unsecured,Unsecured,1,0.3741
SOV_210,Commonwealth of Orion II,Sovereign,Sovereign,Germany,A,3,,,,,91.7,0.7301,0.0422,0.0442,3.7,45.2,Senior Unsecured,Unsecured,0,0.4391
SOV_211,Sovereign State of Elysia II,Sovereign,Sovereign,India,AAA,1,,,,,22.9,0.3216,0.0353,0.0373,9.3,41.92,Senior Unsecured,Unsecured,0,0.4794
SOV_212,Federation of Zenith II,Sovereign,Sovereign,South Africa,AA,2,,,,,44.8,0.531,0.0374,0.0395,4.7,70.19,Senior Unsecured,Unsecured,0,0.5304
SOV_213,United Provinces of Arcadia II,Sovereign,Sovereign,India,B,6,,,,,586.2,1.4025,0.0909,0.0936,5.8,90.41,Senior Unsecured,Unsecured,0,0.4435
SOV_214,Emirate of Al-Jamil II,Sovereign,Sovereign,Brazil,BBB,4,,,,,245.8,0.8127,0.058,0.0596,3.6,38.51,Senior Unsecured,Unsecured,0,0.3501
SOV_215,Republic of Thalassa II,Sovereign,Sovereign,South Africa,BBB,4,,,,,231.4,0.9238,0.0571,0.0581,4.1,62.04,Senior Unsecured,Unsecured,0,0.5138
SOV_216,Kingdom of Freya II,Sovereign,Sovereign,UK,AAA,1,,,,,19.3,0.2,0.0347,0.0369,1.0,23.08,Senior Unsecured,Unsecured,0,0.3734
SOV_217,Union of Boreas II,Sovereign,Sovereign,UK,B,6,,,,,794.3,1.1278,0.1105,0.1144,3.4,33.6,Senior Unsecured,Unsecured,1,0.459
SOV_218,Republic of Zephyr II,Sovereign,Sovereign,Germany,AA,2,,,,,57.5,0.3114,0.0394,0.0408,4.2,67.5,Senior Unsecured,Unsecured,0,0.3335
SOV_219,Empire of Aethelgard II,Sovereign,Sovereign,India,A,3,,,,,96.0,0.4368,0.0424,0.0446,7.3,39.61,Senior Unsecured,Unsecured,0,0.4504
SOV_220,Republic of Kaelen II,Sovereign,Sovereign,India,BBB,4,,,,,252.4,0.8869,0.058,0.0602,3.6,24.72,Senior Unsecured,Unsecured,0,0.4661
SOV_221,Sovereign Territory of Oakhaven II,Sovereign,Sovereign,Brazil,B,6,,,,,653.5,1.285,0.1,0.1003,2.0,56.53,Senior Secured,Financial Collateral,0,0.876
SOV_222,Republic of Valoria II,Sovereign,Sovereign,UK,BBB,4,,,,,204.0,0.7924,0.0547,0.0554,5.2,96.3,Senior Unsecured,Unsecured,0,0.4346
SOV_223,Federal Republic of Oromia II,Sovereign,Sovereign,Germany,AA,2,,,,,48.4,0.2462,0.0379,0.0398,9.1,28.61,Senior Unsecured,Unsecured,0,0.3693
SOV_224,Democratic Republic of Gaea II,Sovereign,Sovereign,South Africa,A,3,,,,,67.9,0.576,0.0404,0.0418,2.7,43.52,Senior Unsecured,Unsecured,0,0.4551
SOV_225,Kingdom of Hyperborea II,Sovereign,Sovereign,South Africa,AAA,1,,,,,19.7,0.2775,0.0333,0.037,6.4,61.93,Senior Unsecured,Unsecured,0,0.472
SOV_226,Republic of Austri II,Sovereign,Sovereign,India,BBB,4,,,,,207.7,0.856,0.052,0.0558,6.2,39.94,Senior Unsecured,Unsecured,0,0.4538
SOV_227,State of Vesper II,Sovereign,Sovereign,Brazil,A,3,,,,,90.1,0.4701,0.0439,0.044,1.6,83.18,Senior Secured,Financial Collateral,0,0.879
SOV_228,Union of Valerius II,Sovereign,Sovereign,Brazil,AA,2,,,,,48.2,0.7278,0.0376,0.0398,4.8,35.22,Senior Unsecured,Unsecured,0,0.4429
SOV_229,Republic of Eldoria II,Sovereign,Sovereign,India,B,6,,,,,655.3,1.104,0.098,0.1005,3.2,101.7,Senior Unsecured,Unsecured,0,0.5008
SOV_230,Kingdom of Novaria II,Sovereign,Sovereign,India,BB,5,,,,,411.0,0.7261,0.0749,0.0761,4.7,17.89,Senior Unsecured,Unsecured,0,0.4472
SOV_231,Sovereign State of Thaloria II,Sovereign,Sovereign,UK,BBB,4,,,,,207.2,0.8679,0.0541,0.0557,5.1,26.78,Senior Unsecured,Unsecured,0,0.6892
SOV_232,Federation of Asturia II,Sovereign,Sovereign,US,BB,5,,,,,464.2,1.0357,0.0783,0.0814,8.7,54.4,Senior Unsecured,Unsecured,0,0.503
SOV_233,Republic of Lysandra II,Sovereign,Sovereign,South Africa,CCC/C,7,,,,,1006.1,1.3599,0.1341,0.1356,2.4,123.17,Senior Secured,Financial Collateral,1,0.931
SOV_234,Republic of Patria II,Sovereign,Sovereign,Germany,BBB,4,,,,,207.2,0.5767,0.0537,0.0557,1.6,107.98,Senior Unsecured,Unsecured,0,0.4425
SOV_235,Kingdom of Solaria II,Sovereign,Sovereign,Germany,BBB,4,,,,,229.3,0.8194,0.0571,0.0579,9.3,36.26,Senior Unsecured,Unsecured,0,0.297
SOV_236,Commonwealth of Orion II,Sovereign,Sovereign,Brazil,BBB,4,,,,,234.6,0.9203,0.0578,0.0585,9.5,118.46,Senior Unsecured,Unsecured,0,0.485
SOV_237,Sovereign State of Elysia II,Sovereign,Sovereign,US,B,6,,,,,815.7,1.0346,0.1146,0.1166,7.0,29.73,Senior Unsecured,Unsecured,0,0.621
SOV_238,Federation of Zenith II,Sovereign,Sovereign,Germany,B,6,,,,,664.8,1.3511,0.0997,0.1015,2.3,22.44,Senior Unsecured,Unsecured,0,0.5093
SOV_239,United Provinces of Arcadia II,Sovereign,Sovereign,Germany,A,3,,,,,72.4,0.6409,0.0396,0.0422,7.3,84.37,Senior Unsecured,Unsecured,0,0.3413
SOV_240,Emirate of Al-Jamil II,Sovereign,Sovereign,India,BBB,4,,,,,171.4,0.6784,0.0501,0.0521,4.1,44.06,Senior Unsecured,Unsecured,0,0.3928
SOV_241,Republic of Thalassa II,Sovereign,Sovereign,Brazil,AA,2,,,,,42.4,0.4203,0.0376,0.0392,6.4,60.79,Senior Unsecured,Unsecured,0,0.5006
SOV_242,Kingdom of Freya II,Sovereign,Sovereign,South Africa,BBB,4,,,,,179.0,0.7976,0.0513,0.0529,3.0,23.47,Senior Unsecured,Unsecured,0,0.4561
SOV_243,Union of Boreas II,Sovereign,Sovereign,Germany,BB,5,,,,,446.1,0.9801,0.0771,0.0796,9.0,99.12,Senior Unsecured,Unsecured,0,0.5612
SOV_244,Republic of Zephyr II,Sovereign,Sovereign,Brazil,A,3,,,,,116.3,0.4547,0.0453,0.0466,6.8,100.65,Senior Unsecured,Unsecured,0,0.5199
SOV_245,Empire of Aethelgard II,Sovereign,Sovereign,UK,AAA,1,,,,,18.9,0.3313,0.0341,0.0369,7.4,33.5,Subordinated,Unsecured,0,0.1679
SOV_246,Republic of Kaelen II,Sovereign,Sovereign,US,BB,5,,,,,524.5,0.9912,0.0861,0.0875,8.7,205.3,Senior Unsecured,Unsecured,0,0.4535
SOV_247,Sovereign Territory of Oakhaven II,Sovereign,Sovereign,India,CCC/C,7,,,,,909.0,1.4864,0.1248,0.1259,2.1,115.7,Senior Unsecured,Unsecured,0,0.3965
SOV_248,Republic of Valoria II,Sovereign,Sovereign,US,BB,5,,,,,506.4,0.85,0.0826,0.0856,9.6,25.35,Senior Unsecured,Unsecured,0,0.546
SOV_249,Federal Republic of Oromia II,Sovereign,Sovereign,Brazil,BBB,4,,,,,202.8,0.6547,0.0551,0.0553,2.9,56.35,Senior Unsecured,Unsecured,0,0.4862
SOV_250,Democratic Republic of Gaea II,Sovereign,Sovereign,Germany,CCC/C,7,,,,,1004.4,1.3271,0.1338,0.1354,3.2,31.43,Senior Unsecured,Unsecured,0,0.34
SOV_251,Kingdom of Hyperborea II,Sovereign,Sovereign,Brazil,BBB,4,,,,,218.4,0.7195,0.0554,0.0568,6.5,36.37,Subordinated,Unsecured,0,0.2093
SOV_252,Republic of Austri II,Sovereign,Sovereign,Germany,BBB,4,,,,,177.2,1.0555,0.049,0.0527,8.7,42.7,Senior Unsecured,Unsecured,0,0.422
SOV_253,State of Vesper II,Sovereign,Sovereign,South Africa,A,3,,,,,89.5,0.6566,0.0442,0.044,5.7,127.01,Senior Unsecured,Unsecured,0,0.5608
SOV_254,Union of Valerius II,Sovereign,Sovereign,South Africa,A,3,,,,,84.5,0.5836,0.041,0.0434,2.4,90.08,Senior Unsecured,Unsecured,0,0.3087
SOV_255,Republic of Eldoria II,Sovereign,Sovereign,South Africa,B,6,,,,,682.9,1.2134,0.1007,0.1033,7.0,112.43,Senior Unsecured,Unsecured,1,0.3598
SOV_256,Kingdom of Novaria II,Sovereign,Sovereign,Brazil,AA,2,,,,,61.5,0.468,0.0394,0.0412,8.2,15.09,Subordinated,Unsecured,0,0.1255
SOV_257,Sovereign State of Thaloria II,Sovereign,Sovereign,UK,A,3,,,,,55.5,0.5538,0.0398,0.0405,9.7,128.94,Senior Secured,Financial Collateral,0,0.934
SOV_258,Federation of Asturia II,Sovereign,Sovereign,US,A,3,,,,,58.4,0.6546,0.0389,0.0408,4.1,21.94,Senior Secured,Financial Collateral,0,0.9311
SOV_259,Republic of Lysandra II,Sovereign,Sovereign,Brazil,BBB,4,,,,,253.8,0.6941,0.0573,0.0604,9.9,18.21,Senior Secured,Financial Collateral,0,0.8585
SOV_260,Republic of Patria II,Sovereign,Sovereign,UK,B,6,,,,,613.2,1.0479,0.0938,0.0963,1.1,63.73,Senior Unsecured,Unsecured,0,0.423
SOV_261,Kingdom of Solaria II,Sovereign,Sovereign,Germany,BBB,4,,,,,243.3,0.8471,0.057,0.0593,6.8,17.46,Senior Unsecured,Unsecured,0,0.4491
SOV_262,Commonwealth of Orion II,Sovereign,Sovereign,US,AA,2,,,,,48.0,0.4415,0.0369,0.0398,3.9,12.93,Senior Unsecured,Unsecured,0,0.3772
SOV_263,Sovereign State of Elysia II,Sovereign,Sovereign,Germany,A,3,,,,,85.2,0.7368,0.043,0.0435,6.6,63.87,Senior Unsecured,Unsecured,0,0.6276
SOV_264,Federation of Zenith II,Sovereign,Sovereign,South Africa,BB,5,,,,,409.0,1.0351,0.0737,0.0759,4.6,82.66,Senior Unsecured,Unsecured,0,0.4232
SOV_265,United Provinces of Arcadia II,Sovereign,Sovereign,South Africa,CCC/C,7,,,,,1009.7,1.4409,0.1349,0.136,8.0,81.52,Senior Unsecured,Unsecured,1,0.5669
SOV_266,Emirate of Al-Jamil II,Sovereign,Sovereign,India,AAA,1,,,,,19.6,0.4166,0.0345,0.037,7.5,36.33,Senior Secured,Financial Collateral,0,0.8751
SOV_267,Republic of Thalassa II,Sovereign,Sovereign,US,BB,5,,,,,474.5,0.9718,0.0799,0.0824,1.3,88.45,Senior Unsecured,Unsecured,0,0.4806
SOV_268,Kingdom of Freya II,Sovereign,Sovereign,UK,BBB,4,,,,,294.7,0.6347,0.0632,0.0645,4.6,47.82,Senior Unsecured,Unsecured,0,0.5696
SOV_269,Union of Boreas II,Sovereign,Sovereign,UK,BB,5,,,,,473.1,0.8421,0.0813,0.0823,3.8,22.27,Senior Unsecured,Unsecured,0,0.53
SOV_270,Republic of Zephyr II,Sovereign,Sovereign,Germany,A,3,,,,,92.0,0.5867,0.0427,0.0442,2.2,112.3,Senior Unsecured,Unsecured,0,0.4023
SOV_271,Empire of Aethelgard II,Sovereign,Sovereign,Brazil,BBB,4,,,,,241.2,0.7807,0.0577,0.0591,8.9,48.32,Senior Unsecured,Unsecured,0,0.4267
SOV_272,Republic of Kaelen II,Sovereign,Sovereign,Germany,AAA,1,,,,,23.0,0.2909,0.0352,0.0373,5.6,24.87,Senior Unsecured,Unsecured,0,0.6326
SOV_273,Sovereign Territory of Oakhaven II,Sovereign,Sovereign,India,B,6,,,,,749.6,1.1768,0.1092,0.11,9.0,60.13,Senior Unsecured,Unsecured,1,0.4038
SOV_274,Republic of Valoria II,Sovereign,Sovereign,Brazil,AA,2,,,,,40.5,0.3939,0.0359,0.0391,3.6,68.66,Senior Secured,Financial Collateral,0,0.9037
SOV_275,Federal Republic of Oromia II,Sovereign,Sovereign,US,B,6,,,,,784.5,1.3189,0.1112,0.1134,5.7,32.68,Senior Unsecured,Unsecured,0,0.4235
SOV_276,Democratic Republic of Gaea II,Sovereign,Sovereign,India,AA,2,,,,,50.5,0.2928,0.0376,0.04,6.5,98.03,Senior Unsecured,Unsecured,0,0.5271
SOV_277,Kingdom of Hyperborea II,Sovereign,Sovereign,UK,A,3,,,,,89.8,0.8379,0.0418,0.044,4.7,19.49,Senior Unsecured,Unsecured,0,0.4198
SOV_278,Republic of Austri II,Sovereign,Sovereign,India,A,3,,,,,107.1,0.567,0.0433,0.0457,1.7,96.52,Senior Unsecured,Unsecured,0,0.4674
SOV_279,State of Vesper II,Sovereign,Sovereign,Brazil,A,3,,,,,71.7,0.5889,0.0392,0.0422,9.0,30.14,Senior Unsecured,Unsecured,0,0.3812
SOV_280,Union of Valerius II,Sovereign,Sovereign,US,BB,5,,,,,415.4,1.0195,0.0737,0.0765,1.6,52.92,Senior Unsecured,Unsecured,0,0.459
SOV_281,Republic of Eldoria II,Sovereign,Sovereign,Germany,CCC/C,7,,,,,1063.8,1.5,0.14,0.1414,2.4,32.52,Senior Unsecured,Unsecured,1,0.5303
SOV_282,Kingdom of Novaria II,Sovereign,Sovereign,Brazil,BB,5,,,,,351.9,1.0479,0.067,0.0702,6.8,48.63,Senior Unsecured,Unsecured,0,0.561
SOV_283,Sovereign State of Thaloria II,Sovereign,Sovereign,US,A,3,,,,,87.8,0.7841,0.0407,0.0438,8.2,26.93,Senior Unsecured,Unsecured,0,0.4458
SOV_284,Federation of Asturia II,Sovereign,Sovereign,US,A,3,,,,,63.8,0.6107,0.041,0.0414,3.9,44.67,Senior Secured,Financial Collateral,0,0.7906
SOV_285,Republic of Lysandra II,Sovereign,Sovereign,India,A,3,,,,,94.2,0.613,0.0425,0.0444,1.4,25.86,Senior Unsecured,Unsecured,0,0.4777
SOV_286,Republic of Patria II,Sovereign,Sovereign,UK,BBB,4,,,,,213.1,0.7101,0.0549,0.0563,2.9,26.61,Senior Unsecured,Unsecured,0,0.4308
SOV_287,Kingdom of Solaria II,Sovereign,Sovereign,Germany,A,3,,,,,76.2,0.5754,0.04,0.0426,6.9,14.82,Senior Unsecured,Unsecured,0,0.4346
SOV_288,Commonwealth of Orion II,Sovereign,Sovereign,UK,AA,2,,,,,46.0,0.5318,0.0366,0.0396,7.1,212.6,Senior Unsecured,Unsecured,0,0.5869
SOV_289,Sovereign State of Elysia II,Sovereign,Sovereign,US,CCC/C,7,,,,,1105.0,1.3959,0.1454,0.1455,4.9,10.45,Senior Unsecured,Unsecured,1,0.4762
SOV_290,Federation of Zenith II,Sovereign,Sovereign,Germany,BBB,4,,,,,214.3,0.8684,0.056,0.0564,8.9,21.64,Subordinated,Unsecured,0,0.0785
SOV_291,United Provinces of Arcadia II,Sovereign,Sovereign,South Africa,B,6,,,,,831.5,0.9894,0.1165,0.1181,9.1,22.21,Senior Unsecured,Unsecured,0,0.3622
SOV_292,Emirate of Al-Jamil II,Sovereign,Sovereign,US,B,6,,,,,818.2,1.2087,0.1143,0.1168,2.8,84.91,Senior Unsecured,Unsecured,1,0.392
SOV_293,Republic of Thalassa II,Sovereign,Sovereign,Germany,AAA,1,,,,,19.1,0.2,0.0342,0.0369,7.5,16.33,Senior Unsecured,Unsecured,0,0.4539
SOV_294,Kingdom of Freya II,Sovereign,Sovereign,US,BBB,4,,,,,255.5,0.7676,0.0591,0.0606,7.2,71.99,Senior Secured,Financial Collateral,0,0.8254
SOV_295,Union of Boreas II,Sovereign,Sovereign,Germany,A,3,,,,,99.2,0.5503,0.0441,0.0449,9.9,62.11,Senior Unsecured,Unsecured,0,0.3594
SOV_296,Republic of Zephyr II,Sovereign,Sovereign,Germany,BBB,4,,,,,230.7,0.6656,0.0552,0.0581,6.9,80.63,Senior Unsecured,Unsecured,0,0.3184
SOV_297,Empire of Aethelgard II,Sovereign,Sovereign,South Africa,BBB,4,,,,,157.1,0.7455,0.0489,0.0507,1.3,25.49,Senior Unsecured,Unsecured,0,0.2965
SOV_298,Republic of Kaelen II,Sovereign,Sovereign,Germany,BBB,4,,,,,167.5,0.7942,0.0472,0.0517,1.3,24.34,Senior Secured,Financial Collateral,0,0.874
SOV_299,Sovereign Territory of Oakhaven II,Sovereign,Sovereign,South Africa,AAA,1,,,,,25.4,0.2801,0.0369,0.0375,7.8,35.21,Senior Unsecured,Unsecured,0,0.434
SOV_300,Republic of Valoria II,Sovereign,Sovereign,India,A,3,,,,,99.2,0.507,0.0417,0.0449,4.9,152.16,Senior Secured,Financial Collateral,0,0.814
